startup_name,district,missing_fields,verification_level,confidence_score
Stack Flow Chennai 1,Chennai,website; founded_year; founders,2,68
Aqua Energy Chennai 11,Chennai,founders,3,90
Microbe Enzymes Chennai 13,Chennai,website,2,73
Aero Cosmos Chennai 16,Chennai,founded_year,2,70
Penny Fintech Chennai 21,Chennai,founders,3,90
Ace Tutor Chennai 25,Chennai,website,2,73
Indu Automation Chennai 31,Chennai,founded_year; founders,3,88
Solar Power Chennai 37,Chennai,website,2,73
Heal Life Chennai 41,Chennai,founders,3,90
Cognitive Analytics Chennai 46,Chennai,founded_year,2,70
Spark Charging Chennai 49,Chennai,website,2,73
Skill Class Chennai 51,Chennai,founders,3,90
Nano Aerospace Chennai 61,Chennai,website; founded_year; founders,2,68
Pure Brews Chennai 71,Chennai,founders,3,90
Cred Wealth Chennai 73,Chennai,website,2,73
Carbon Recycle Chennai 76,Chennai,founded_year,2,70
Aero Cosmos Chennai 81,Chennai,founders,3,90
Cognitive Intelligence Chennai 85,Chennai,website,2,73
Bio Biosciences Chennai 91,Chennai,founded_year; founders,3,88
Urban Snacks Chennai 97,Chennai,website,2,73
Drive Motors Chennai 101,Chennai,founders,3,90
Care Therapeutics Chennai 106,Chennai,founded_year,2,70
Auto Automation Chennai 109,Chennai,website,2,73
Turing Analytics Chennai 111,Chennai,founders,3,90
Kisan Farm Chennai 121,Chennai,website; founded_year; founders,2,68
Stack Base Chennai 131,Chennai,founders,3,90
Horizon Cosmos Chennai 133,Chennai,website,2,73
Pure Living Chennai 136,Chennai,founded_year,2,70
Clean Solar Chennai 141,Chennai,founders,3,90
Care Health Chennai 145,Chennai,website,2,73
Cred Fintech Chennai 151,Chennai,founded_year; founders,3,88
Stack Flow Chennai 157,Chennai,website,2,73
Indu Automation Chennai 161,Chennai,founders,3,90
Charge Charging Chennai 166,Chennai,founded_year,2,70
SynBio Biotech Chennai 169,Chennai,website,2,73
Cardio Diagnostics Chennai 171,Chennai,founders,3,90
Skill Academy Chennai 181,Chennai,website; founded_year; founders,2,68
Photon Robotics Chennai 191,Chennai,founders,3,90
Renew Recycle Chennai 193,Chennai,website,2,73
Stack Flow Chennai 196,Chennai,founded_year,2,70
Pure Goods Chennai 201,Chennai,founders,3,90
Electro Power Chennai 205,Chennai,website,2,73
Aero Cosmos Chennai 211,Chennai,founded_year; founders,3,88
Nano Photonics Chennai 217,Chennai,website,2,73
Ferment Labs Chennai 221,Chennai,founders,3,90
Indu Automation Chennai 226,Chennai,founded_year,2,70
Cred Wallet Chennai 229,Chennai,website,2,73
Power Drives Chennai 231,Chennai,founders,3,90
Cognitive Analytics Chennai 241,Chennai,website; founded_year; founders,2,68
Crop Farm Chennai 251,Chennai,founders,3,90
Daily Living Chennai 253,Chennai,website,2,73
Nano Technologies Chennai 256,Chennai,founded_year,2,70
Stack Desk Chennai 261,Chennai,founders,3,90
Forge Automation Chennai 265,Chennai,website,2,73
Bio Power Chennai 271,Chennai,founded_year; founders,3,88
Kisan Fresh Chennai 277,Chennai,website,2,73
Kuber Fintech Chennai 281,Chennai,founders,3,90
SynBio Enzymes Chennai 286,Chennai,founded_year,2,70
Cosmo Cosmos Chennai 289,Chennai,website,2,73
Indu Automation Chennai 291,Chennai,founders,3,90
Care Clinics Chennai 301,Chennai,website; founded_year; founders,2,68
Skill Verse Chennai 311,Chennai,founders,3,90
Stack Flow Chennai 313,Chennai,website,2,73
Kisan Farm Chennai 316,Chennai,founded_year,2,70
Astra Propulsion Chennai 321,Chennai,founders,3,90
Bio Therapeutics Chennai 325,Chennai,website,2,73
Pure Snacks Chennai 331,Chennai,founded_year; founders,3,88
Guru Tech Chennai 337,Chennai,website,2,73
Aero Cosmos Chennai 341,Chennai,founders,3,90
Cred Fintech Chennai 346,Chennai,founded_year,2,70
Sustain CleanTech Chennai 349,Chennai,website,2,73
Protein Biotech Chennai 351,Chennai,founders,3,90
Volt EV Chennai 361,Chennai,website; founded_year; founders,2,68
Synapse Analytics Chennai 371,Chennai,founders,3,90
Nano Technologies Chennai 373,Chennai,website,2,73
Skill Tutor Chennai 376,Chennai,founded_year,2,70
BioAgri Farm Chennai 381,Chennai,founders,3,90
Cred Money Chennai 385,Chennai,website,2,73
Stack Flow Chennai 391,Chennai,founded_year; founders,3,88
Cognitive Insights Chennai 397,Chennai,website,2,73
Pure Renewables Chennai 401,Chennai,founders,3,90
Aero Cosmos Chennai 406,Chennai,founded_year,2,70
Heritage Essentials Chennai 409,Chennai,website,2,73
Penny Fintech Chennai 411,Chennai,founders,3,90
Indu Automation Chennai 421,Chennai,website; founded_year; founders,2,68
Heal MedTech Chennai 431,Chennai,founders,3,90
Kisan Spices Chennai 433,Chennai,website,2,73
Cognitive Analytics Chennai 436,Chennai,founded_year,2,70
Skill Skills Chennai 441,Chennai,founders,3,90
Zenith Cosmos Chennai 445,Chennai,website,2,73
Nano Photonics Chennai 451,Chennai,founded_year; founders,3,88
Care Therapeutics Chennai 457,Chennai,website,2,73
Pure Foods Chennai 461,Chennai,founders,3,90
Solar CleanTech Chennai 466,Chennai,founded_year,2,70
Stack Flow Chennai 469,Chennai,website,2,73
Aero Cosmos Chennai 471,Chennai,founders,3,90
Microbe Life Sciences Chennai 481,Chennai,website; founded_year; founders,2,68
Electro Battery Chennai 491,Chennai,founders,3,90
Dexter Tutor Chennai 493,Chennai,website,2,73
Care Health Chennai 496,Chennai,founded_year,2,70
Turing Analytics Chennai 501,Chennai,founders,3,90
Carbon Power Chennai 505,Chennai,website,2,73
Kisan Farm Chennai 511,Chennai,founded_year; founders,3,88
Power Charging Chennai 517,Chennai,website,2,73
Stack Base Chennai 521,Chennai,founders,3,90
Pure Essentials Chennai 526,Chennai,founded_year,2,70
Nano Aerospace Chennai 529,Chennai,website,2,73
Terra Enviro Chennai 531,Chennai,founders,3,90
Cred Fintech Chennai 541,Chennai,website; founded_year; founders,2,68
Indu Automation Chennai 551,Chennai,founders,3,90
Cognitive Sense Chennai 553,Chennai,website,2,73
EcoRide Power Chennai 556,Chennai,founded_year,2,70
Cardio Sensors Chennai 561,Chennai,founders,3,90
Royal Snacks Chennai 565,Chennai,website,2,73
Skill Tech Chennai 571,Chennai,founded_year; founders,3,88
Apex Automation Chennai 577,Chennai,website,2,73
Photon Sensors Chennai 581,Chennai,founders,3,90
Stack Flow Chennai 586,Chennai,founded_year,2,70
Kisan Innovations Chennai 589,Chennai,website,2,73
Pure Naturals Chennai 591,Chennai,founders,3,90
Aero Cosmos Chennai 601,Chennai,website; founded_year; founders,2,68
Gene Genomics Chennai 611,Chennai,founders,3,90
Care Health Chennai 613,Chennai,website,2,73
Indu Automation Chennai 616,Chennai,founded_year,2,70
Spark Mobility Chennai 621,Chennai,founders,3,90
Stack Flow Chennai 625,Chennai,website,2,73
Cognitive Analytics Chennai 631,Chennai,founded_year; founders,3,88
SynBio Biosciences Chennai 637,Chennai,website,2,73
Crop Farm Chennai 641,Chennai,founders,3,90
Nano Aerospace Chennai 646,Chennai,founded_year,2,70
Vidya Academy Chennai 649,Chennai,website,2,73
Stack Desk Chennai 651,Chennai,founders,3,90
Eco Recycle Chennai 661,Chennai,website; founded_year; founders,2,68
Kuber Fintech Chennai 671,Chennai,founders,3,90
Drive Power Chennai 673,Chennai,website,2,73
Bio Labs Chennai 676,Chennai,founded_year,2,70
Indu Automation Chennai 681,Chennai,founders,3,90
Nano Photonics Chennai 685,Chennai,website,2,73
Care Therapeutics Chennai 691,Chennai,founded_year; founders,3,88
Cred Banking Chennai 697,Chennai,website,2,73
Skill Learning Chennai 701,Chennai,founders,3,90
Kisan Farm Chennai 706,Chennai,founded_year,2,70
Cognitive Cognition Chennai 709,Chennai,website,2,73
Astra Instruments Chennai 711,Chennai,founders,3,90
Pure Living Chennai 721,Chennai,website; founded_year; founders,2,68
Aero Cosmos Chennai 731,Chennai,founders,3,90
Prime Automation Chennai 733,Chennai,website,2,73
Cred Fintech Chennai 736,Chennai,founded_year,2,70
Enzyme Enzymes Chennai 741,Chennai,founders,3,90
Kisan Crops Chennai 745,Chennai,website,2,73
Torque Charging Chennai 751,Chennai,founded_year; founders,3,88
Propel Cosmos Chennai 757,Chennai,website,2,73
Synapse Analytics Chennai 761,Chennai,founders,3,90
Skill Academy Chennai 766,Chennai,founded_year,2,70
Care Clinics Chennai 769,Chennai,website,2,73
BioAgri Farm Chennai 771,Chennai,founders,3,90
Stack Flow Chennai 781,Chennai,website; founded_year; founders,2,68
Carbon Biofuels Chennai 791,Chennai,founders,3,90
Bio Genomics Chennai 793,Chennai,website,2,73
Aero Cosmos Chennai 796,Chennai,founded_year,2,70
Penny Fintech Chennai 801,Chennai,founders,3,90
Ace Tech Chennai 805,Chennai,website,2,73
Indu Automation Chennai 811,Chennai,founded_year; founders,3,88
Terra CleanTech Chennai 817,Chennai,website,2,73
Heal Care Chennai 821,Chennai,founders,3,90
Cognitive Analytics Chennai 826,Chennai,founded_year,2,70
Ampere EV Chennai 829,Chennai,website,2,73
Skill Lab Chennai 831,Chennai,founders,3,90
Nano Technologies Chennai 841,Chennai,website; founded_year; founders,2,68
Pure Brands Chennai 851,Chennai,founders,3,90
Cred Wealth Chennai 853,Chennai,website,2,73
Clean Power Chennai 856,Chennai,founded_year,2,70
Aero Cosmos Chennai 861,Chennai,founders,3,90
Cognitive Intelligence Chennai 865,Chennai,website,2,73
SynBio Therapeutics Chennai 871,Chennai,founded_year; founders,3,88
Urban Essentials Chennai 877,Chennai,website,2,73
Charge Energy Chennai 881,Chennai,founders,3,90
Care Clinics Chennai 886,Chennai,founded_year,2,70
Auto Automation Chennai 889,Chennai,website,2,73
Turing Analytics Chennai 891,Chennai,founders,3,90
Kisan Farm Chennai 901,Chennai,website; founded_year; founders,2,68
Stack Base Chennai 911,Chennai,founders,3,90
Horizon Cosmos Chennai 913,Chennai,website,2,73
Pure Snacks Chennai 916,Chennai,founded_year,2,70
Sustain Sustainability Chennai 921,Chennai,founders,3,90
Care Therapeutics Chennai 925,Chennai,website,2,73
Cred Fintech Chennai 931,Chennai,founded_year; founders,3,88
Stack Flow Chennai 937,Chennai,website,2,73
Indu Automation Chennai 941,Chennai,founders,3,90
Power EV Chennai 946,Chennai,founded_year,2,70
Microbe Labs Chennai 949,Chennai,website,2,73
Cardio Biomed Chennai 951,Chennai,founders,3,90
Skill Tutor Chennai 961,Chennai,website; founded_year; founders,2,68
Photon Dynamics Chennai 971,Chennai,founders,3,90
Pure Power Chennai 973,Chennai,website,2,73
Stack Flow Chennai 976,Chennai,founded_year,2,70
Pure Organics Chennai 981,Chennai,founders,3,90
EcoRide Charging Chennai 985,Chennai,website,2,73
Aero Cosmos Chennai 991,Chennai,founded_year; founders,3,88
Nano Aerospace Chennai 997,Chennai,website,2,73
Cell Biosciences Chennai 1001,Chennai,founders,3,90
Indu Automation Chennai 1006,Chennai,founded_year,2,70
Cred Wallet Chennai 1009,Chennai,website,2,73
Watt Vehicles Chennai 1011,Chennai,founders,3,90
Cognitive Analytics Chennai 1021,Chennai,website; founded_year; founders,2,68
Crop Farm Chennai 1031,Chennai,founders,3,90
Daily Snacks Chennai 1033,Chennai,website,2,73
Nano Photonics Chennai 1036,Chennai,founded_year,2,70
Stack Desk Chennai 1041,Chennai,founders,3,90
Forge Automation Chennai 1045,Chennai,website,2,73
Renew CleanTech Chennai 1051,Chennai,founded_year; founders,3,88
Kisan Fresh Chennai 1057,Chennai,website,2,73
Kuber Fintech Chennai 1061,Chennai,founders,3,90
Microbe Genomics Chennai 1066,Chennai,founded_year,2,70
Cosmo Cosmos Chennai 1069,Chennai,website,2,73
Indu Automation Chennai 1071,Chennai,founders,3,90
Care Health Chennai 1081,Chennai,website; founded_year; founders,2,68
Skill Ed Chennai 1091,Chennai,founders,3,90
Stack Flow Chennai 1093,Chennai,website,2,73
Kisan Farm Chennai 1096,Chennai,founded_year,2,70
Astra Systems Chennai 1101,Chennai,founders,3,90
SynBio Enzymes Chennai 1105,Chennai,website,2,73
Pure Essentials Chennai 1111,Chennai,founded_year; founders,3,88
Guru Academy Chennai 1117,Chennai,website,2,73
Aero Cosmos Chennai 1121,Chennai,founders,3,90
Cred Fintech Chennai 1126,Chennai,founded_year,2,70
Bio Recycle Chennai 1129,Chennai,website,2,73
Helix Labs Chennai 1131,Chennai,founders,3,90
Kinetic Power Chennai 1141,Chennai,website; founded_year; founders,2,68
Synapse Analytics Chennai 1151,Chennai,founders,3,90
Nano Photonics Chennai 1153,Chennai,website,2,73
Skill Tech Chennai 1156,Chennai,founded_year,2,70
BioAgri Farm Chennai 1161,Chennai,founders,3,90
Cred Money Chennai 1165,Chennai,website,2,73
Stack Flow Chennai 1171,Chennai,founded_year; founders,3,88
Cognitive Insights Chennai 1177,Chennai,website,2,73
Solar Energy Chennai 1181,Chennai,founders,3,90
Aero Cosmos Chennai 1186,Chennai,founded_year,2,70
Heritage Living Chennai 1189,Chennai,website,2,73
Penny Fintech Chennai 1191,Chennai,founders,3,90
Indu Automation Chennai 1201,Chennai,website; founded_year; founders,2,68
Heal Life Chennai 1211,Chennai,founders,3,90
Kisan Spices Chennai 1213,Chennai,website,2,73
Cognitive Analytics Chennai 1216,Chennai,founded_year,2,70
Skill Class Chennai 1221,Chennai,founders,3,90
Zenith Cosmos Chennai 1225,Chennai,website,2,73
Nano Aerospace Chennai 1231,Chennai,founded_year; founders,3,88
Care Clinics Chennai 1237,Chennai,website,2,73
Pure Brews Chennai 1241,Chennai,founders,3,90
Terra Recycle Chennai 1246,Chennai,founded_year,2,70
Stack Flow Chennai 1249,Chennai,website,2,73
Aero Cosmos Chennai 1251,Chennai,founders,3,90
Bio Biotech Chennai 1261,Chennai,website; founded_year; founders,2,68
EcoRide Motors Chennai 1271,Chennai,founders,3,90
Dexter Tech Chennai 1273,Chennai,website,2,73
Care Therapeutics Chennai 1276,Chennai,founded_year,2,70
Turing Analytics Chennai 1281,Chennai,founders,3,90
Clean CleanTech Chennai 1285,Chennai,website,2,73
Kisan Farm Chennai 1291,Chennai,founded_year; founders,3,88
Watt EV Chennai 1297,Chennai,website,2,73
Stack Base Chennai 1301,Chennai,founders,3,90
Pure Living Chennai 1306,Chennai,founded_year,2,70
Nano Technologies Chennai 1309,Chennai,website,2,73
Green Solar Chennai 1311,Chennai,founders,3,90
Cred Fintech Chennai 1321,Chennai,website; founded_year; founders,2,68
Indu Automation Chennai 1331,Chennai,founders,3,90
Cognitive Sense Chennai 1333,Chennai,website,2,73
Spark Charging Chennai 1336,Chennai,founded_year,2,70
Cardio Diagnostics Chennai 1341,Chennai,founders,3,90
Royal Essentials Chennai 1345,Chennai,website,2,73
Bio Biosciences Coimbatore 1351,Coimbatore,website; founded_year; founders,2,68
Drive Motors Coimbatore 1361,Coimbatore,founders,3,90
Dexter Tech Coimbatore 1363,Coimbatore,website,2,73
Neuro Therapeutics Coimbatore 1366,Coimbatore,founded_year,2,70
Intellect Analytics Coimbatore 1371,Coimbatore,founders,3,90
Pure CleanTech Coimbatore 1375,Coimbatore,website,2,73
Uzhava Farm Coimbatore 1381,Coimbatore,founded_year; founders,3,88
EcoRide EV Coimbatore 1387,Coimbatore,website,2,73
Flow Sphere Coimbatore 1391,Coimbatore,founders,3,90
Pure Living Coimbatore 1396,Coimbatore,founded_year,2,75
Propel Technologies Coimbatore 1399,Coimbatore,website,2,73
Clean Solar Coimbatore 1401,Coimbatore,founders,3,90
Fin Fintech Coimbatore 1411,Coimbatore,website; founded_year; founders,2,68
Indu Tech Coimbatore 1421,Coimbatore,founders,3,90
Algo Sense Coimbatore 1423,Coimbatore,website,2,73
Charge Charging Coimbatore 1426,Coimbatore,founded_year,2,70
Pulse Diagnostics Coimbatore 1431,Coimbatore,founders,3,90
Royal Essentials Coimbatore 1435,Coimbatore,website,2,73
Skill Academy Coimbatore 1441,Coimbatore,founded_year; founders,3,88
Apex Tech Coimbatore 1447,Coimbatore,website,2,73
Micro Robotics Coimbatore 1451,Coimbatore,founders,3,90
Flow Works Coimbatore 1456,Coimbatore,founded_year,2,70
Uzhava Innovations Coimbatore 1459,Coimbatore,website,2,73
Pure Goods Coimbatore 1461,Coimbatore,founders,3,90
Aero Telemetry Coimbatore 1471,Coimbatore,website; founded_year; founders,2,68
Ferment Labs Coimbatore 1481,Coimbatore,founders,3,90
Neuro Therapeutics Coimbatore 1483,Coimbatore,website,2,73
Indu Tech Coimbatore 1486,Coimbatore,founded_year,2,75
Power Drives Coimbatore 1491,Coimbatore,founders,3,90
Flow Works Coimbatore 1495,Coimbatore,website,2,73
Algo Analytics Coimbatore 1501,Coimbatore,founded_year; founders,3,88
Microbe Genomics Coimbatore 1507,Coimbatore,website,2,73
Paddy Farm Coimbatore 1511,Coimbatore,founders,3,90
Propel Technologies Coimbatore 1516,Coimbatore,founded_year,2,70
Vidya Tutor Coimbatore 1519,Coimbatore,website,2,73
Flow Force Coimbatore 1521,Coimbatore,founders,3,90
Bio Power Coimbatore 1531,Coimbatore,website; founded_year; founders,2,68
Settlement Fintech Coimbatore 1541,Coimbatore,founders,3,90
Kinetic Charging Coimbatore 1543,Coimbatore,website,2,73
SynBio Enzymes Coimbatore 1546,Coimbatore,founded_year,2,70
Indu Tech Coimbatore 1551,Coimbatore,founders,3,90
Propel Aerospace Coimbatore 1555,Coimbatore,website,2,73
Neuro Clinics Coimbatore 1561,Coimbatore,founded_year; founders,3,88
Fin Banking Coimbatore 1567,Coimbatore,website,2,73
Skill Verse Coimbatore 1571,Coimbatore,founders,3,90
Uzhava Farm Coimbatore 1576,Coimbatore,founded_year,2,75
Algo Cognition Coimbatore 1579,Coimbatore,website,2,73
Robo Propulsion Coimbatore 1581,Coimbatore,founders,3,90
Pure Snacks Coimbatore 1591,Coimbatore,website; founded_year; founders,2,68
Aero Telemetry Coimbatore 1601,Coimbatore,founders,3,90
Prime Tech Coimbatore 1603,Coimbatore,website,2,73
Fin Fintech Coimbatore 1606,Coimbatore,founded_year,2,70
Protein Biotech Coimbatore 1611,Coimbatore,founders,3,90
Uzhava Crops Coimbatore 1615,Coimbatore,website,2,73
Volt EV Coimbatore 1621,Coimbatore,founded_year; founders,3,88
Propel Telemetry Coimbatore 1627,Coimbatore,website,2,73
NexusAI Analytics Coimbatore 1631,Coimbatore,founders,3,90
Skill Tutor Coimbatore 1636,Coimbatore,founded_year,2,70
Neuro Health Coimbatore 1639,Coimbatore,website,2,73
Soil Farm Coimbatore 1641,Coimbatore,founders,3,90
Flow Works Coimbatore 1651,Coimbatore,website; founded_year; founders,2,68
Pure Renewables Coimbatore 1661,Coimbatore,founders,3,90
SynBio Labs Coimbatore 1663,Coimbatore,website,2,73
Aero Telemetry Coimbatore 1666,Coimbatore,founded_year,2,75
Lend Fintech Coimbatore 1671,Coimbatore,founders,3,90
Ace Academy Coimbatore 1675,Coimbatore,website,2,73
Indu Tech Coimbatore 1681,Coimbatore,founded_year; founders,3,88
Clean Recycle Coimbatore 1687,Coimbatore,website,2,73
Clinix MedTech Coimbatore 1691,Coimbatore,founders,3,90
Algo Analytics Coimbatore 1696,Coimbatore,founded_year,2,70
Watt Power Coimbatore 1699,Coimbatore,website,2,73
Skill Skills Coimbatore 1701,Coimbatore,founders,3,90
Propel Photonics Coimbatore 1711,Coimbatore,website; founded_year; founders,2,68
Pure Foods Coimbatore 1721,Coimbatore,founders,3,90
Fin Wealth Coimbatore 1723,Coimbatore,website,2,73
Solar CleanTech Coimbatore 1726,Coimbatore,founded_year,2,70
Aero Telemetry Coimbatore 1731,Coimbatore,founders,3,90
Algo Intelligence Coimbatore 1735,Coimbatore,website,2,73
Microbe Life Sciences Coimbatore 1741,Coimbatore,founded_year; founders,3,88
Urban Living Coimbatore 1747,Coimbatore,website,2,73
Electro Battery Coimbatore 1751,Coimbatore,founders,3,90
Neuro Health Coimbatore 1756,Coimbatore,founded_year,2,75
Auto Tech Coimbatore 1759,Coimbatore,website,2,73
Intellect Analytics Coimbatore 1761,Coimbatore,founders,3,90
Uzhava Farm Coimbatore 1771,Coimbatore,website; founded_year; founders,2,68
Flow Sphere Coimbatore 1781,Coimbatore,founders,3,90
Horizon Telemetry Coimbatore 1783,Coimbatore,website,2,73
Pure Essentials Coimbatore 1786,Coimbatore,founded_year,2,70
Terra Enviro Coimbatore 1791,Coimbatore,founders,3,90
Neuro Clinics Coimbatore 1795,Coimbatore,website,2,73
Fin Fintech Coimbatore 1801,Coimbatore,founded_year; founders,3,88
Flow Works Coimbatore 1807,Coimbatore,website,2,73
Indu Tech Coimbatore 1811,Coimbatore,founders,3,90
EcoRide Power Coimbatore 1816,Coimbatore,founded_year,2,70
Bio Enzymes Coimbatore 1819,Coimbatore,website,2,73
Pulse Sensors Coimbatore 1821,Coimbatore,founders,3,90
Skill Tech Coimbatore 1831,Coimbatore,website; founded_year; founders,2,68
Micro Sensors Coimbatore 1841,Coimbatore,founders,3,90
Aqua CleanTech Coimbatore 1843,Coimbatore,website,2,73
Flow Works Coimbatore 1846,Coimbatore,founded_year,2,75
Pure Naturals Coimbatore 1851,Coimbatore,founders,3,90
Charge EV Coimbatore 1855,Coimbatore,website,2,73
Aero Telemetry Coimbatore 1861,Coimbatore,founded_year; founders,3,88
Propel Technologies Coimbatore 1867,Coimbatore,website,2,73
Gene Genomics Coimbatore 1871,Coimbatore,founders,3,90
Indu Tech Coimbatore 1876,Coimbatore,founded_year,2,70
Fin Wallet Coimbatore 1879,Coimbatore,website,2,73
Spark Mobility Coimbatore 1881,Coimbatore,founders,3,90
Algo Analytics Coimbatore 1891,Coimbatore,website; founded_year; founders,2,68
Paddy Farm Coimbatore 1901,Coimbatore,founders,3,90
Daily Essentials Coimbatore 1903,Coimbatore,website,2,73
Propel Aerospace Coimbatore 1906,Coimbatore,founded_year,2,70
Flow Force Coimbatore 1911,Coimbatore,founders,3,90
Forge Tech Coimbatore 1915,Coimbatore,website,2,73
Eco Recycle Coimbatore 1921,Coimbatore,founded_year; founders,3,88
Uzhava Fresh Coimbatore 1927,Coimbatore,website,2,73
Settlement Fintech Coimbatore 1931,Coimbatore,founders,3,90
Bio Labs Coimbatore 1936,Coimbatore,founded_year,2,75
Cosmo Telemetry Coimbatore 1939,Coimbatore,website,2,73
Indu Tech Coimbatore 1941,Coimbatore,founders,3,90
Neuro Therapeutics Coimbatore 1951,Coimbatore,website; founded_year; founders,2,68
Skill Learning Coimbatore 1961,Coimbatore,founders,3,90
Flow Works Coimbatore 1963,Coimbatore,website,2,73
Uzhava Farm Coimbatore 1966,Coimbatore,founded_year,2,70
Solar Energy Chengalpattu 1971,Chengalpattu,website; founded_year; founders,2,68
Fin Fintech Chengalpattu 1981,Chengalpattu,founders,3,90
Spark Battery Chengalpattu 1983,Chengalpattu,website,2,73
Protein Life Sciences Chengalpattu 1986,Chengalpattu,founded_year,2,70
Indu Castings Chengalpattu 1991,Chengalpattu,founders,3,90
Robo Dynamics Chengalpattu 1995,Chengalpattu,website,2,73
Pulse Life Chengalpattu 2001,Chengalpattu,founded_year; founders,3,88
Lend Banking Chengalpattu 2007,Chengalpattu,website,2,73
Skill Class Chengalpattu 2011,Chengalpattu,founders,3,90
Soil Farm Chengalpattu 2016,Chengalpattu,founded_year,2,70
Intellect Cognition Chengalpattu 2019,Chengalpattu,website,2,73
Micro Aerospace Chengalpattu 2021,Chengalpattu,founders,3,90
Pure Brews Chengalpattu 2031,Chengalpattu,website; founded_year; founders,2,68
Aero Aerospace Chengalpattu 2041,Chengalpattu,founders,3,90
Prime Castings Chengalpattu 2043,Chengalpattu,website,2,73
Lend Fintech Chengalpattu 2046,Chengalpattu,founded_year,2,70
Cell Biosciences Chengalpattu 2051,Chengalpattu,founders,3,90
Soil Crops Chengalpattu 2055,Chengalpattu,website,2,73
EcoRide Motors Chengalpattu 2061,Chengalpattu,founded_year; founders,3,88
Propel Aerospace Chengalpattu 2067,Chengalpattu,website,2,73
Algo Analytics Chengalpattu 2071,Chengalpattu,founders,3,90
Skill Learning Chengalpattu 2076,Chengalpattu,founded_year,2,70
Pulse Care Chengalpattu 2079,Chengalpattu,website,2,73
Paddy Farm Chengalpattu 2081,Chengalpattu,founders,3,90
Logi Sphere Chengalpattu 2091,Chengalpattu,website; founded_year; founders,2,68
Green Solar Chengalpattu 2101,Chengalpattu,founders,3,90
Protein Therapeutics Chengalpattu 2103,Chengalpattu,website,2,73
Aero Aerospace Chengalpattu 2106,Chengalpattu,founded_year,2,70
Settlement Fintech Chengalpattu 2111,Chengalpattu,founders,3,90
Ace Ed Chengalpattu 2115,Chengalpattu,website,2,73
Indu Castings Chengalpattu 2121,Chengalpattu,founded_year; founders,3,88
Renew Renewables Chengalpattu 2127,Chengalpattu,website,2,73
Neuro Diagnostics Chengalpattu 2131,Chengalpattu,founders,3,90
Intellect Analytics Chengalpattu 2136,Chengalpattu,founded_year,2,70
Electro Energy Chengalpattu 2139,Chengalpattu,website,2,73
Skill Academy Chengalpattu 2141,Chengalpattu,founders,3,90
Robo Robotics Chengalpattu 2151,Chengalpattu,website; founded_year; founders,2,68
Pure Goods Chengalpattu 2161,Chengalpattu,founders,3,90
Lend Wealth Chengalpattu 2163,Chengalpattu,website,2,73
Eco Biofuels Chengalpattu 2166,Chengalpattu,founded_year,2,70
Aero Aerospace Chengalpattu 2171,Chengalpattu,founders,3,90
Intellect Intelligence Chengalpattu 2175,Chengalpattu,website,2,73
Helix Labs Chengalpattu 2181,Chengalpattu,founded_year; founders,3,88
Urban Foods Chengalpattu 2187,Chengalpattu,website,2,73
Ampere Drives Chengalpattu 2191,Chengalpattu,founders,3,90
Pulse Care Chengalpattu 2196,Chengalpattu,founded_year,2,70
Auto Castings Chengalpattu 2199,Chengalpattu,website,2,73
NexusAI Analytics Chengalpattu 2201,Chengalpattu,founders,3,90
Soil Farm Chengalpattu 2211,Chengalpattu,website; founded_year; founders,2,68
Logi Force Chengalpattu 2221,Chengalpattu,founders,3,90
Horizon Aerospace Chengalpattu 2223,Chengalpattu,website,2,73
Pure Brands Chengalpattu 2226,Chengalpattu,founded_year,2,70
Aqua Power Chengalpattu 2231,Chengalpattu,founders,3,90
Pulse Life Chengalpattu 2235,Chengalpattu,website,2,73
Lend Fintech Chengalpattu 2241,Chengalpattu,founded_year; founders,3,88
Logi Sphere Chengalpattu 2247,Chengalpattu,website,2,73
Indu Castings Chengalpattu 2251,Chengalpattu,founders,3,90
Torque Energy Chengalpattu 2256,Chengalpattu,founded_year,2,70
Enzyme Life Sciences Chengalpattu 2259,Chengalpattu,website,2,73
Clinix Clinics Chengalpattu 2261,Chengalpattu,founders,3,90
Skill Verse Chengalpattu 2271,Chengalpattu,website; founded_year; founders,2,68
Propel Propulsion Chengalpattu 2281,Chengalpattu,founders,3,90
Sustain Biofuels Chengalpattu 2283,Chengalpattu,website,2,73
Logi Sphere Chengalpattu 2286,Chengalpattu,founded_year,2,70
Pure Snacks Chengalpattu 2291,Chengalpattu,founders,3,90
Volt Motors Chengalpattu 2295,Chengalpattu,website,2,73
Aero Aerospace Chengalpattu 2301,Chengalpattu,founded_year; founders,3,88
Robo Sensors Chengalpattu 2307,Chengalpattu,website,2,73
Bio Biotech Chengalpattu 2311,Chengalpattu,founders,3,90
Indu Castings Chengalpattu 2316,Chengalpattu,founded_year,2,70
Lend Wallet Chengalpattu 2319,Chengalpattu,website,2,73
Drive EV Chengalpattu 2321,Chengalpattu,founders,3,90
Robo Robotics Kanchipuram 2331,Kanchipuram,website; founded_year; founders,2,68
Pure Goods Kanchipuram 2341,Kanchipuram,founders,3,90
Lend Wealth Kanchipuram 2343,Kanchipuram,website,2,73
Carbon Biofuels Kanchipuram 2346,Kanchipuram,founded_year,2,70
Aero Aerospace Kanchipuram 2351,Kanchipuram,founders,3,90
Intellect Intelligence Kanchipuram 2355,Kanchipuram,website,2,73
Helix Genomics Kanchipuram 2361,Kanchipuram,founded_year; founders,3,88
Urban Foods Kanchipuram 2367,Kanchipuram,website,2,73
Drive Drives Kanchipuram 2371,Kanchipuram,founders,3,90
Pulse Care Kanchipuram 2376,Kanchipuram,founded_year,2,70
Auto Castings Kanchipuram 2379,Kanchipuram,website,2,73
NexusAI Analytics Kanchipuram 2381,Kanchipuram,founders,3,90
Soil Farm Kanchipuram 2391,Kanchipuram,website; founded_year; founders,2,68
Agile Force Kanchipuram 2401,Kanchipuram,founders,3,90
Horizon Aerospace Kanchipuram 2403,Kanchipuram,website,2,73
Pure Brands Kanchipuram 2406,Kanchipuram,founded_year,2,70
Clean Power Kanchipuram 2411,Kanchipuram,founders,3,90
Pulse Life Kanchipuram 2415,Kanchipuram,website,2,73
Lend Fintech Kanchipuram 2421,Kanchipuram,founded_year; founders,3,88
Agile Sphere Kanchipuram 2427,Kanchipuram,website,2,73
Indu Castings Kanchipuram 2431,Kanchipuram,founders,3,90
Charge Energy Kanchipuram 2436,Kanchipuram,founded_year,2,70
Enzyme Therapeutics Kanchipuram 2439,Kanchipuram,website,2,73
Clinix Clinics Kanchipuram 2441,Kanchipuram,founders,3,90
Skill Verse Kanchipuram 2451,Kanchipuram,website; founded_year; founders,2,68
Propel Propulsion Kanchipuram 2461,Kanchipuram,founders,3,90
Renew Biofuels Kanchipuram 2463,Kanchipuram,website,2,73
Agile Sphere Kanchipuram 2466,Kanchipuram,founded_year,2,70
Pure Snacks Kanchipuram 2471,Kanchipuram,founders,3,90
Electro Motors Kanchipuram 2475,Kanchipuram,website,2,73
Aero Aerospace Kanchipuram 2481,Kanchipuram,founded_year; founders,3,88
Robo Sensors Kanchipuram 2487,Kanchipuram,website,2,73
Bio Enzymes Kanchipuram 2491,Kanchipuram,founders,3,90
Indu Castings Kanchipuram 2496,Kanchipuram,founded_year,2,70
Lend Wallet Kanchipuram 2499,Kanchipuram,website,2,73
Power EV Kanchipuram 2501,Kanchipuram,founders,3,90
Intellect Analytics Kanchipuram 2511,Kanchipuram,website; founded_year; founders,2,68
Uzhava Farm Kanchipuram 2521,Kanchipuram,founders,3,90
Daily Brands Kanchipuram 2523,Kanchipuram,website,2,73
Robo Dynamics Kanchipuram 2526,Kanchipuram,founded_year,2,70
Agile Works Kanchipuram 2531,Kanchipuram,founders,3,90
Forge Castings Kanchipuram 2535,Kanchipuram,website,2,73
Bio Renewables Kanchipuram 2541,Kanchipuram,founded_year; founders,3,88
Soil Fresh Kanchipuram 2547,Kanchipuram,website,2,73
Fin Fintech Kanchipuram 2551,Kanchipuram,founders,3,90
Enzyme Biotech Kanchipuram 2556,Kanchipuram,founded_year,2,70
Cosmo Aerospace Kanchipuram 2559,Kanchipuram,website,2,73
Indu Castings Kanchipuram 2561,Kanchipuram,founders,3,90
Pulse MedTech Kanchipuram 2571,Kanchipuram,website; founded_year; founders,2,68
Skill Skills Kanchipuram 2581,Kanchipuram,founders,3,90
Agile Sphere Kanchipuram 2583,Kanchipuram,website,2,73
Soil Farm Kanchipuram 2586,Kanchipuram,founded_year,2,70
Micro Photonics Kanchipuram 2591,Kanchipuram,founders,3,90
Helix Life Sciences Kanchipuram 2595,Kanchipuram,website,2,73
Pure Foods Kanchipuram 2601,Kanchipuram,founded_year; founders,3,88
Guru Learning Kanchipuram 2607,Kanchipuram,website,2,73
Aero Aerospace Kanchipuram 2611,Kanchipuram,founders,3,90
Lend Fintech Kanchipuram 2616,Kanchipuram,founded_year,2,70
Sustain Energy Kanchipuram 2619,Kanchipuram,website,2,73
Ferment Therapeutics Kanchipuram 2621,Kanchipuram,founders,3,90
Volt Battery Kanchipuram 2631,Kanchipuram,website; founded_year; founders,2,68
Cred Fintech Tiruvallur 2641,Tiruvallur,website; founded_year; founders,2,68
Indu Automation Tiruvallur 2651,Tiruvallur,founders,3,90
Cognitive Sense Tiruvallur 2653,Tiruvallur,website,2,73
Spark Charging Tiruvallur 2656,Tiruvallur,founded_year,2,70
Cardio Diagnostics Tiruvallur 2661,Tiruvallur,founders,3,90
Royal Essentials Tiruvallur 2665,Tiruvallur,website,2,73
Skill Academy Tiruvallur 2671,Tiruvallur,founded_year; founders,3,88
Apex Automation Tiruvallur 2677,Tiruvallur,website,2,73
Photon Robotics Tiruvallur 2681,Tiruvallur,founders,3,90
Cloud Flow Tiruvallur 2686,Tiruvallur,founded_year,2,70
Kisan Innovations Tiruvallur 2689,Tiruvallur,website,2,73
Pure Goods Tiruvallur 2691,Tiruvallur,founders,3,90
Aero Cosmos Tiruvallur 2701,Tiruvallur,website; founded_year; founders,2,68
Cell Genomics Tiruvallur 2711,Tiruvallur,founders,3,90
Care Therapeutics Tiruvallur 2713,Tiruvallur,website,2,73
Indu Automation Tiruvallur 2716,Tiruvallur,founded_year,2,70
Ampere Drives Tiruvallur 2721,Tiruvallur,founders,3,90
Cloud Flow Tiruvallur 2725,Tiruvallur,website,2,73
Cognitive Analytics Tiruvallur 2731,Tiruvallur,founded_year; founders,3,88
Bio Biosciences Tiruvallur 2737,Tiruvallur,website,2,73
Crop Farm Tiruvallur 2741,Tiruvallur,founders,3,90
Nano Technologies Tiruvallur 2746,Tiruvallur,founded_year,2,70
Vidya Tutor Tiruvallur 2749,Tiruvallur,website,2,73
Cloud Desk Tiruvallur 2751,Tiruvallur,founders,3,90
Aqua Power Tiruvallur 2761,Tiruvallur,website; founded_year; founders,2,68
Kuber Fintech Tiruvallur 2771,Tiruvallur,founders,3,90
Charge Charging Tiruvallur 2773,Tiruvallur,website,2,73
Microbe Labs Tiruvallur 2776,Tiruvallur,founded_year,2,70
Indu Automation Tiruvallur 2781,Tiruvallur,founders,3,90
Nano Aerospace Tiruvallur 2785,Tiruvallur,website,2,73
Care Clinics Tiruvallur 2791,Tiruvallur,founded_year; founders,3,88
Cred Banking Tiruvallur 2797,Tiruvallur,website,2,73
Skill Verse Tiruvallur 2801,Tiruvallur,founders,3,90
Kisan Farm Tiruvallur 2806,Tiruvallur,founded_year,2,70
Cognitive Cognition Tiruvallur 2809,Tiruvallur,website,2,73
Astra Propulsion Tiruvallur 2811,Tiruvallur,founders,3,90
Pure Snacks Tiruvallur 2821,Tiruvallur,website; founded_year; founders,2,68
Aero Cosmos Tiruvallur 2831,Tiruvallur,founders,3,90
Prime Automation Tiruvallur 2833,Tiruvallur,website,2,73
Cred Fintech Tiruvallur 2836,Tiruvallur,founded_year,2,70
Helix Enzymes Tiruvallur 2841,Tiruvallur,founders,3,90
Kisan Crops Tiruvallur 2845,Tiruvallur,website,2,73
Drive EV Tiruvallur 2851,Tiruvallur,founded_year; founders,3,88
Propel Cosmos Tiruvallur 2857,Tiruvallur,website,2,73
Synapse Analytics Tiruvallur 2861,Tiruvallur,founders,3,90
Skill Tutor Tiruvallur 2866,Tiruvallur,founded_year,2,70
Care Health Tiruvallur 2869,Tiruvallur,website,2,73
BioAgri Farm Tiruvallur 2871,Tiruvallur,founders,3,90
Cloud Flow Tiruvallur 2881,Tiruvallur,website; founded_year; founders,2,68
Clean Renewables Tiruvallur 2891,Tiruvallur,founders,3,90
Microbe Genomics Tiruvallur 2893,Tiruvallur,website,2,73
Aero Cosmos Tiruvallur 2896,Tiruvallur,founded_year,2,70
Penny Fintech Tiruvallur 2901,Tiruvallur,founders,3,90
Ace Academy Tiruvallur 2905,Tiruvallur,website,2,73
Microbe Enzymes Madurai 2911,Madurai,website; founded_year; founders,2,68
Electro Energy Madurai 2921,Madurai,founders,3,90
Dexter Academy Madurai 2923,Madurai,website,2,73
Neuro Clinics Madurai 2926,Madurai,founded_year,2,70
Intellect Analytics Madurai 2931,Madurai,founders,3,90
Carbon Recycle Madurai 2935,Madurai,website,2,73
Uzhava Farm Madurai 2941,Madurai,founded_year; founders,3,88
Power Power Madurai 2947,Madurai,website,2,73
Flow Sphere Madurai 2951,Madurai,founders,3,90
Pure Snacks Madurai 2956,Madurai,founded_year,2,70
Propel Photonics Madurai 2959,Madurai,website,2,73
Terra Sustainability Madurai 2961,Madurai,founders,3,90
Fin Fintech Madurai 2971,Madurai,website; founded_year; founders,2,68
Indu Tech Madurai 2981,Madurai,founders,3,90
Algo Sense Madurai 2983,Madurai,website,2,73
EcoRide EV Madurai 2986,Madurai,founded_year,2,75
Pulse Biomed Madurai 2991,Madurai,founders,3,90
Royal Living Madurai 2995,Madurai,website,2,73
Skill Tutor Madurai 3001,Madurai,founded_year; founders,3,88
Apex Tech Madurai 3007,Madurai,website,2,73
Micro Dynamics Madurai 3011,Madurai,founders,3,90
Flow Works Madurai 3016,Madurai,founded_year,2,70
Uzhava Innovations Madurai 3019,Madurai,website,2,73
Pure Organics Madurai 3021,Madurai,founders,3,90
Aero Telemetry Madurai 3031,Madurai,website; founded_year; founders,2,68
Gene Therapeutics Madurai 3041,Madurai,founders,3,90
Neuro Clinics Madurai 3043,Madurai,website,2,73
Indu Tech Madurai 3046,Madurai,founded_year,2,70
Spark Vehicles Madurai 3051,Madurai,founders,3,90
Flow Works Madurai 3055,Madurai,website,2,73
Algo Analytics Madurai 3061,Madurai,founded_year; founders,3,88
SynBio Biotech Madurai 3067,Madurai,website,2,73
Paddy Farm Madurai 3071,Madurai,founders,3,90
Propel Photonics Madurai 3076,Madurai,founded_year,2,75
Vidya Tech Madurai 3079,Madurai,website,2,73
Flow Force Madurai 3081,Madurai,founders,3,90
Eco CleanTech Madurai 3091,Madurai,website; founded_year; founders,2,68
Settlement Fintech Madurai 3101,Madurai,founders,3,90
Drive EV Madurai 3103,Madurai,website,2,73
Bio Life Sciences Madurai 3106,Madurai,founded_year,2,70
Indu Tech Madurai 3111,Madurai,founders,3,90
Propel Technologies Madurai 3115,Madurai,website,2,73
Stack Flow Tiruchirappalli 3121,Tiruchirappalli,website; founded_year; founders,2,68
Carbon Renewables Tiruchirappalli 3131,Tiruchirappalli,founders,3,90
Bio Labs Tiruchirappalli 3133,Tiruchirappalli,website,2,73
Aero Cosmos Tiruchirappalli 3136,Tiruchirappalli,founded_year,2,70
Penny Fintech Tiruchirappalli 3141,Tiruchirappalli,founders,3,90
Ace Academy Tiruchirappalli 3145,Tiruchirappalli,website,2,73
Indu Automation Tiruchirappalli 3151,Tiruchirappalli,founded_year; founders,3,88
Terra Recycle Tiruchirappalli 3157,Tiruchirappalli,website,2,73
Heal MedTech Tiruchirappalli 3161,Tiruchirappalli,founders,3,90
Cognitive Analytics Tiruchirappalli 3166,Tiruchirappalli,founded_year,2,70
Ampere Power Tiruchirappalli 3169,Tiruchirappalli,website,2,73
Skill Skills Tiruchirappalli 3171,Tiruchirappalli,founders,3,90
Nano Photonics Tiruchirappalli 3181,Tiruchirappalli,website; founded_year; founders,2,68
Pure Foods Tiruchirappalli 3191,Tiruchirappalli,founders,3,90
Cred Wealth Tiruchirappalli 3193,Tiruchirappalli,website,2,73
Clean CleanTech Tiruchirappalli 3196,Tiruchirappalli,founded_year,2,70
Aero Cosmos Tiruchirappalli 3201,Tiruchirappalli,founders,3,90
Cognitive Intelligence Tiruchirappalli 3205,Tiruchirappalli,website,2,73
SynBio Life Sciences Tiruchirappalli 3211,Tiruchirappalli,founded_year; founders,3,88
Urban Living Tiruchirappalli 3217,Tiruchirappalli,website,2,73
Charge Battery Tiruchirappalli 3221,Tiruchirappalli,founders,3,90
Care Health Tiruchirappalli 3226,Tiruchirappalli,founded_year,2,70
Auto Automation Tiruchirappalli 3229,Tiruchirappalli,website,2,73
Turing Analytics Tiruchirappalli 3231,Tiruchirappalli,founders,3,90
Kisan Farm Tiruchirappalli 3241,Tiruchirappalli,website; founded_year; founders,2,68
Stack Base Tiruchirappalli 3251,Tiruchirappalli,founders,3,90
Horizon Cosmos Tiruchirappalli 3253,Tiruchirappalli,website,2,73
Pure Essentials Tiruchirappalli 3256,Tiruchirappalli,founded_year,2,70
Sustain Enviro Tiruchirappalli 3261,Tiruchirappalli,founders,3,90
Care Clinics Tiruchirappalli 3265,Tiruchirappalli,website,2,73
Cred Fintech Tiruchirappalli 3271,Tiruchirappalli,founded_year; founders,3,88
Stack Flow Tiruchirappalli 3277,Tiruchirappalli,website,2,73
Indu Automation Tiruchirappalli 3281,Tiruchirappalli,founders,3,90
Power Power Tiruchirappalli 3286,Tiruchirappalli,founded_year,2,70
Microbe Enzymes Tiruchirappalli 3289,Tiruchirappalli,website,2,73
Cardio Sensors Tiruchirappalli 3291,Tiruchirappalli,founders,3,90
Skill Tech Tiruchirappalli 3301,Tiruchirappalli,website; founded_year; founders,2,68
Indu Tech Salem 3311,Salem,website; founded_year; founders,2,68
Pulse Clinics Salem 3321,Salem,founders,3,90
Paddy Spices Salem 3323,Salem,website,2,73
NexusAI Analytics Salem 3326,Salem,founded_year,2,70
Skill Verse Salem 3331,Salem,founders,3,90
Zenith Telemetry Salem 3335,Salem,website,2,73
Micro Propulsion Salem 3341,Salem,founded_year; founders,3,88
Clinix Sensors Salem 3347,Salem,website,2,73
Pure Snacks Salem 3351,Salem,founders,3,90
Carbon Sustainability Salem 3356,Salem,founded_year,2,70
Hyper Force Salem 3359,Salem,website,2,73
Aero Telemetry Salem 3361,Salem,founders,3,90
Cell Labs Salem 3371,Salem,website; founded_year; founders,2,68
Drive EV Salem 3381,Salem,founders,3,90
Dexter Lab Salem 3383,Salem,website,2,73
Clinix Biomed Salem 3386,Salem,founded_year,2,70
Algo Analytics Salem 3391,Salem,founders,3,90
Pure Solar Salem 3395,Salem,website,2,73
Paddy Farm Salem 3401,Salem,founded_year; founders,3,88
EcoRide Mobility Salem 3407,Salem,website,2,73
Hyper Works Salem 3411,Salem,founders,3,90
Pure Organics Salem 3416,Salem,founded_year,2,70
Micro Systems Salem 3419,Salem,website,2,73
Clean Renewables Salem 3421,Salem,founders,3,90
Settlement Fintech Salem 3431,Salem,website; founded_year; founders,2,68
Indu Tech Salem 3441,Salem,founders,3,90
NexusAI Sense Salem 3443,Salem,website,2,73
Charge Vehicles Salem 3446,Salem,founded_year,2,70
Neuro MedTech Salem 3451,Salem,founders,3,90
Royal Goods Salem 3455,Salem,website,2,73
Skill Skills Salem 3461,Salem,founded_year; founders,3,88
Apex Tech Salem 3467,Salem,website,2,73
Robo Photonics Salem 3471,Salem,founders,3,90
Hyper Force Salem 3476,Salem,founded_year,2,70
Paddy Innovations Salem 3479,Salem,website,2,73
Skill Tech Erode 3481,Erode,website; founded_year; founders,2,68
Photon Sensors Erode 3491,Erode,founders,3,90
Terra CleanTech Erode 3493,Erode,website,2,73
Desk Flow Erode 3496,Erode,founded_year,2,70
Pure Naturals Erode 3501,Erode,founders,3,90
Ampere EV Erode 3505,Erode,website,2,73
Aero Cosmos Erode 3511,Erode,founded_year; founders,3,88
Nano Technologies Erode 3517,Erode,website,2,73
Cell Biosciences Erode 3521,Erode,founders,3,90
Indu Automation Erode 3526,Erode,founded_year,2,70
Cred Wallet Erode 3529,Erode,website,2,73
Kinetic Mobility Erode 3531,Erode,founders,3,90
Cognitive Analytics Erode 3541,Erode,website; founded_year; founders,2,68
Crop Farm Erode 3551,Erode,founders,3,90
Daily Essentials Erode 3553,Erode,website,2,73
Nano Aerospace Erode 3556,Erode,founded_year,2,70
Desk Desk Erode 3561,Erode,founders,3,90
Forge Automation Erode 3565,Erode,website,2,73
Solar Recycle Erode 3571,Erode,founded_year; founders,3,88
Kisan Fresh Erode 3577,Erode,website,2,73
Kuber Fintech Erode 3581,Erode,founders,3,90
Microbe Genomics Erode 3586,Erode,founded_year,2,70
Cosmo Cosmos Erode 3589,Erode,website,2,73
Indu Automation Erode 3591,Erode,founders,3,90
Care Therapeutics Erode 3601,Erode,website; founded_year; founders,2,68
Skill Learning Erode 3611,Erode,founders,3,90
Desk Flow Erode 3613,Erode,website,2,73
Kisan Farm Erode 3616,Erode,founded_year,2,70
Astra Instruments Erode 3621,Erode,founders,3,90
SynBio Enzymes Erode 3625,Erode,website,2,73
Propel Aerospace KrishnagiriHosur 3631,Krishnagiri (Hosur),website; founded_year; founders,2,68
Pure Brews KrishnagiriHosur 3641,Krishnagiri (Hosur),founders,3,90
Fin Wealth KrishnagiriHosur 3643,Krishnagiri (Hosur),website,2,73
Pure Recycle KrishnagiriHosur 3646,Krishnagiri (Hosur),founded_year,2,70
Aero Telemetry KrishnagiriHosur 3651,Krishnagiri (Hosur),founders,3,90
Algo Intelligence KrishnagiriHosur 3655,Krishnagiri (Hosur),website,2,73
SynBio Biosciences KrishnagiriHosur 3661,Krishnagiri (Hosur),founded_year; founders,3,88
Urban Snacks KrishnagiriHosur 3667,Krishnagiri (Hosur),website,2,73
Kinetic Motors KrishnagiriHosur 3671,Krishnagiri (Hosur),founders,3,90
Neuro Therapeutics KrishnagiriHosur 3676,Krishnagiri (Hosur),founded_year,2,70
Auto Tech KrishnagiriHosur 3679,Krishnagiri (Hosur),website,2,73
Intellect Analytics KrishnagiriHosur 3681,Krishnagiri (Hosur),founders,3,90
Uzhava Farm KrishnagiriHosur 3691,Krishnagiri (Hosur),website; founded_year; founders,2,68
Agile Sphere KrishnagiriHosur 3701,Krishnagiri (Hosur),founders,3,90
Horizon Telemetry KrishnagiriHosur 3703,Krishnagiri (Hosur),website,2,73
Pure Living KrishnagiriHosur 3706,Krishnagiri (Hosur),founded_year,2,75
Solar Solar KrishnagiriHosur 3711,Krishnagiri (Hosur),founders,3,90
Neuro Health KrishnagiriHosur 3715,Krishnagiri (Hosur),website,2,73
Fin Fintech KrishnagiriHosur 3721,Krishnagiri (Hosur),founded_year; founders,3,88
Agile Works KrishnagiriHosur 3727,Krishnagiri (Hosur),website,2,73
Indu Tech KrishnagiriHosur 3731,Krishnagiri (Hosur),founders,3,90
Electro Charging KrishnagiriHosur 3736,Krishnagiri (Hosur),founded_year,2,70
Microbe Biotech KrishnagiriHosur 3739,Krishnagiri (Hosur),website,2,73
Pulse Diagnostics KrishnagiriHosur 3741,Krishnagiri (Hosur),founders,3,90
Skill Academy KrishnagiriHosur 3751,Krishnagiri (Hosur),website; founded_year; founders,2,68
Micro Robotics KrishnagiriHosur 3761,Krishnagiri (Hosur),founders,3,90
Eco Recycle KrishnagiriHosur 3763,Krishnagiri (Hosur),website,2,73
Agile Works KrishnagiriHosur 3766,Krishnagiri (Hosur),founded_year,2,70
Stack Sphere Tiruppur 3771,Tiruppur,website; founded_year; founders,2,68
Green Sustainability Tiruppur 3781,Tiruppur,founders,3,90
Helix Therapeutics Tiruppur 3783,Tiruppur,website,2,73
Aero Aerospace Tiruppur 3786,Tiruppur,founded_year,2,70
Settlement Fintech Tiruppur 3791,Tiruppur,founders,3,90
Ace Learning Tiruppur 3795,Tiruppur,website,2,73
Indu Castings Tiruppur 3801,Tiruppur,founded_year; founders,3,88
Renew Energy Tiruppur 3807,Tiruppur,website,2,73
Neuro Biomed Tiruppur 3811,Tiruppur,founders,3,90
Intellect Analytics Tiruppur 3816,Tiruppur,founded_year,2,70
Electro Battery Tiruppur 3819,Tiruppur,website,2,73
Skill Tutor Tiruppur 3821,Tiruppur,founders,3,90
Robo Dynamics Tiruppur 3831,Tiruppur,website; founded_year; founders,2,68
Pure Organics Tiruppur 3841,Tiruppur,founders,3,90
Lend Wealth Tiruppur 3843,Tiruppur,website,2,73
Eco Renewables Tiruppur 3846,Tiruppur,founded_year,2,70
Aero Aerospace Tiruppur 3851,Tiruppur,founders,3,90
Intellect Intelligence Tiruppur 3855,Tiruppur,website,2,73
Enzyme Labs Tiruppur 3861,Tiruppur,founded_year; founders,3,88
Urban Brews Tiruppur 3867,Tiruppur,website,2,73
Ampere Vehicles Tiruppur 3871,Tiruppur,founders,3,90
Pulse MedTech Tiruppur 3876,Tiruppur,founded_year,2,70
Auto Castings Tiruppur 3879,Tiruppur,website,2,73
NexusAI Analytics Tiruppur 3881,Tiruppur,founders,3,90
Soil Farm Tiruppur 3891,Tiruppur,website; founded_year; founders,2,68
Stack Flow Vellore 3901,Vellore,website; founded_year; founders,2,68
Bio Biofuels Vellore 3911,Vellore,founders,3,90
SynBio Biosciences Vellore 3913,Vellore,website,2,73
Aero Satellites Vellore 3916,Vellore,founded_year,2,70
Penny Fintech Vellore 3921,Vellore,founders,3,90
Ace Tech Vellore 3925,Vellore,website,2,73
Indu Manufacturing Vellore 3931,Vellore,founded_year; founders,3,88
Aqua CleanTech Vellore 3937,Vellore,website,2,73
Heal Care Vellore 3941,Vellore,founders,3,90
Cognitive Analytics Vellore 3946,Vellore,founded_year,2,70
Charge EV Vellore 3949,Vellore,website,2,73
Skill Lab Vellore 3951,Vellore,founders,3,90
Nano Technologies Vellore 3961,Vellore,website; founded_year; founders,2,68
Pure Brands Vellore 3971,Vellore,founders,3,90
Cred Wealth Vellore 3973,Vellore,website,2,73
Renew Power Vellore 3976,Vellore,founded_year,2,70
Aero Satellites Vellore 3981,Vellore,founders,3,90
Cognitive Intelligence Vellore 3985,Vellore,website,2,73
Microbe Biotech Vellore 3991,Vellore,founded_year; founders,3,88
Urban Essentials Vellore 3997,Vellore,website,2,73
Volt Energy Vellore 4001,Vellore,founders,3,90
Care Clinics Vellore 4006,Vellore,founded_year,2,70
Auto Manufacturing Vellore 4009,Vellore,website,2,73
Turing Analytics Vellore 4011,Vellore,founders,3,90
Nano Technologies Thanjavur 4021,Thanjavur,website; founded_year; founders,2,68
Pure Brands Thanjavur 4031,Thanjavur,founders,3,90
Cred Wealth Thanjavur 4033,Thanjavur,website,2,73
Clean Power Thanjavur 4036,Thanjavur,founded_year,2,70
Aero Satellites Thanjavur 4041,Thanjavur,founders,3,90
Cognitive Intelligence Thanjavur 4045,Thanjavur,website,2,73
Bio Life Sciences Thanjavur 4051,Thanjavur,founded_year; founders,3,88
Urban Essentials Thanjavur 4057,Thanjavur,website,2,73
Charge Energy Thanjavur 4061,Thanjavur,founders,3,90
Care Clinics Thanjavur 4066,Thanjavur,founded_year,2,70
Auto Manufacturing Thanjavur 4069,Thanjavur,website,2,73
Turing Analytics Thanjavur 4071,Thanjavur,founders,3,90
Kisan Farm Thanjavur 4081,Thanjavur,website; founded_year; founders,2,68
Agile Base Thanjavur 4091,Thanjavur,founders,3,90
Horizon Satellites Thanjavur 4093,Thanjavur,website,2,73
Pure Snacks Thanjavur 4096,Thanjavur,founded_year,2,70
Sustain Sustainability Thanjavur 4101,Thanjavur,founders,3,90
Care Therapeutics Thanjavur 4105,Thanjavur,website,2,73
Cred Fintech Thanjavur 4111,Thanjavur,founded_year; founders,3,88
Agile Flow Thanjavur 4117,Thanjavur,website,2,73
Indu Manufacturing Thanjavur 4121,Thanjavur,founders,3,90
Astra Orbital Tirunelveli 4126,Tirunelveli,website; founded_year; founders,2,68
Ferment Enzymes Tirunelveli 4136,Tirunelveli,founders,3,90
NanoMed Health Tirunelveli 4138,Tirunelveli,website,2,73
Matrix Systems Tirunelveli 4141,Tirunelveli,founded_year,2,70
Watt Mobility Tirunelveli 4146,Tirunelveli,founders,3,90
SaaSify Scale Tirunelveli 4150,Tirunelveli,website,2,73
Vector Brain Tirunelveli 4156,Tirunelveli,founded_year; founders,3,88
Microbe Labs Tirunelveli 4162,Tirunelveli,website,2,73
Farm Bio Tirunelveli 4166,Tirunelveli,founders,3,90
Dynamic Aerospace Tirunelveli 4171,Tirunelveli,founded_year,2,70
Tutor Academy Tirunelveli 4174,Tirunelveli,website,2,73
SaaSify Hub Tirunelveli 4176,Tirunelveli,founders,3,90
Renew Recycle Tirunelveli 4186,Tirunelveli,website; founded_year; founders,2,68
Rupee Finance Tirunelveli 4196,Tirunelveli,founders,3,90
Electro Power Tirunelveli 4198,Tirunelveli,website,2,73
SynBio Biotech Tirunelveli 4201,Tirunelveli,founded_year,2,70
Matrix Systems Tirunelveli 4206,Tirunelveli,founders,3,90
Dynamic Photonics Tirunelveli 4210,Tirunelveli,website,2,73
NanoMed Therapeutics Tirunelveli 4216,Tirunelveli,founded_year; founders,3,88
Indu Manufacturing Thoothukudi 4221,Thoothukudi,website; founded_year; founders,2,68
Care Sensors Thoothukudi 4231,Thoothukudi,founders,3,90
BioAgri Spices Thoothukudi 4233,Thoothukudi,website,2,73
Turing Analytics Thoothukudi 4236,Thoothukudi,founded_year,2,75
Skill Tech Thoothukudi 4241,Thoothukudi,founders,3,90
Zenith Satellites Thoothukudi 4245,Thoothukudi,website,2,73
Astra Sensors Thoothukudi 4251,Thoothukudi,founded_year; founders,3,88
Cardio Care Thoothukudi 4257,Thoothukudi,website,2,73
Pure Naturals Thoothukudi 4261,Thoothukudi,founders,3,90
Eco Energy Thoothukudi 4266,Thoothukudi,founded_year,2,70
Hyper Base Thoothukudi 4269,Thoothukudi,website,2,73
Aero Satellites Thoothukudi 4271,Thoothukudi,founders,3,83
Protein Labs Thoothukudi 4281,Thoothukudi,website; founded_year; founders,2,68
Ampere Mobility Thoothukudi 4291,Thoothukudi,founders,3,90
Dexter Ed Thoothukudi 4293,Thoothukudi,website,2,73
Spark Energy Kanyakumari 4296,Kanyakumari,website; founded_year; founders,2,68
Vision Brain Kanyakumari 4306,Kanyakumari,founders,3,90
Quantum Robotics Kanyakumari 4308,Kanyakumari,website,2,65
Bright Verse Kanyakumari 4311,Kanyakumari,founded_year,2,70
Terra Bio Kanyakumari 4316,Kanyakumari,founders,3,90
Pay Lend Kanyakumari 4320,Kanyakumari,website,2,73
Omni HQ Kanyakumari 4326,Kanyakumari,founded_year; founders,2,80
Neural Labs Kanyakumari 4332,Kanyakumari,website,2,73
Eco Sustainability Kanyakumari 4336,Kanyakumari,founders,3,90
Astra Space Kanyakumari 4341,Kanyakumari,founded_year,2,70
Organic Foods Kanyakumari 4344,Kanyakumari,website,2,65
Vault Finance Kanyakumari 4346,Kanyakumari,founders,3,90
Matrix Engineering Kanyakumari 4356,Kanyakumari,website; founded_year; founders,2,68
Cure Biomed Kanyakumari 4366,Kanyakumari,founders,3,90
Agro Agro Kanyakumari 4368,Kanyakumari,website,2,73
Pulse Life Dindigul 4371,Dindigul,website; founded_year; founders,2,68
Skill Class Dindigul 4381,Dindigul,founders,3,90
Scale Sphere Dindigul 4383,Dindigul,website,2,73
Soil Farm Dindigul 4386,Dindigul,founded_year,2,70
Micro Aerospace Dindigul 4391,Dindigul,founders,3,90
Helix Enzymes Dindigul 4395,Dindigul,website,2,73
Pure Brews Dindigul 4401,Dindigul,founded_year; founders,3,88
Guru Verse Dindigul 4407,Dindigul,website,2,73
Aero Aerospace Dindigul 4411,Dindigul,founders,3,90
Lend Fintech Dindigul 4416,Dindigul,founded_year,2,70
Terra Biofuels Dindigul 4419,Dindigul,website,2,73
Ferment Labs Dindigul 4421,Dindigul,founders,3,90
Ampere Motors Dindigul 4431,Dindigul,website; founded_year; founders,2,68
Aqua CleanTech Namakkal 4441,Namakkal,website; founded_year; founders,2,68
Kuber Fintech Namakkal 4451,Namakkal,founders,3,90
Charge EV Namakkal 4453,Namakkal,website,2,73
Bio Labs Namakkal 4456,Namakkal,founded_year,2,70
Indu Automation Namakkal 4461,Namakkal,founders,3,90
Nano Technologies Namakkal 4465,Namakkal,website,2,73
Care Health Namakkal 4471,Namakkal,founded_year; founders,3,88
Cred Banking Namakkal 4477,Namakkal,website,2,73
Skill Ed Namakkal 4481,Namakkal,founders,3,90
Kisan Farm Namakkal 4486,Namakkal,founded_year,2,70
Cognitive Cognition Namakkal 4489,Namakkal,website,2,73
Astra Systems Namakkal 4491,Namakkal,founders,3,90
Pure Essentials Namakkal 4501,Namakkal,website; founded_year; founders,2,68
Sustain Renewables Virudhunagar 4506,Virudhunagar,website; founded_year; founders,2,68
Ledger Finance Virudhunagar 4516,Virudhunagar,founders,3,90
Volt Energy Virudhunagar 4518,Virudhunagar,website,2,73
Helix Enzymes Virudhunagar 4521,Virudhunagar,founded_year,2,75
Matrix Industries Virudhunagar 4526,Virudhunagar,founders,3,90
Laser Robotics Virudhunagar 4530,Virudhunagar,website,2,73
Ortho MedTech Virudhunagar 4536,Virudhunagar,founded_year; founders,3,88
Dhan Credit Virudhunagar 4542,Virudhunagar,website,2,73
Bright Skills Virudhunagar 4546,Virudhunagar,founders,3,90
Harvest Bio Virudhunagar 4551,Virudhunagar,founded_year,2,70
Cortex AI Virudhunagar 4554,Virudhunagar,website,2,73
Aero Photonics Virudhunagar 4556,Virudhunagar,founders,3,90
Gram Foods Virudhunagar 4566,Virudhunagar,website; founded_year; founders,2,68
Pure Sustainability Karur 4571,Karur,website; founded_year; founders,2,68
Lend Fintech Karur 4581,Karur,founders,3,90
EcoRide Drives Karur 4583,Karur,website,2,73
Cell Biotech Karur 4586,Karur,founded_year,2,70
Indu Castings Karur 4591,Karur,founders,3,90
Micro Instruments Karur 4595,Karur,website,2,73
Clinix Biomed Karur 4601,Karur,founded_year; founders,3,88
Settlement Banking Karur 4607,Karur,website,2,73
Skill Tutor Karur 4611,Karur,founders,3,90
Paddy Farm Karur 4616,Karur,founded_year,2,70
NexusAI Cognition Karur 4619,Karur,website,2,73
Propel Dynamics Karur 4621,Karur,founders,3,90
Gram Foods Nilgiris 4626,Nilgiris,website; founded_year; founders,2,68
Astra Propulsion Nilgiris 4636,Nilgiris,founders,3,90
Robo Industries Nilgiris 4638,Nilgiris,website,2,73
Dhan Finance Nilgiris 4641,Nilgiris,founded_year,2,70
Ferment Life Sciences Nilgiris 4646,Nilgiris,founders,3,90
Harvest Harvest Nilgiris 4650,Nilgiris,website,2,73
Drive Battery Nilgiris 4656,Nilgiris,founded_year; founders,3,88
Orbital Propulsion Nilgiris 4662,Nilgiris,website,2,73
Vector Brain Nilgiris 4666,Nilgiris,founders,3,90
Bright Ed Nilgiris 4671,Nilgiris,founded_year,2,75
Ortho Life Nilgiris 4674,Nilgiris,website,2,73
Matrix Works Cuddalore 4676,Cuddalore,website; founded_year; founders,2,68
Med Therapeutics Cuddalore 4686,Cuddalore,founders,3,90
Terra Agro Cuddalore 4688,Cuddalore,website,2,73
Prompt Brain Cuddalore 4691,Cuddalore,founded_year,2,70
Bright Learning Cuddalore 4696,Cuddalore,founders,3,83
Stellar Launch Cuddalore 4700,Cuddalore,website,2,73
Atomic Instruments Cuddalore 4706,Cuddalore,founded_year; founders,3,88
Derma Biomed Cuddalore 4712,Cuddalore,website,2,73
Gram Living Cuddalore 4716,Cuddalore,founders,3,90
Green Solar Cuddalore 4721,Cuddalore,founded_year,2,70
Hyper Craft Cuddalore 4724,Cuddalore,website,2,73
Delta Bio Dharmapuri 4726,Dharmapuri,website; founded_year; founders,2,68
Work Sync Dharmapuri 4736,Dharmapuri,founders,3,90
Galactic Orbital Dharmapuri 4738,Dharmapuri,website,2,73
Gram Snacks Dharmapuri 4741,Dharmapuri,founded_year,2,70
Renew Sustainability Dharmapuri 4746,Dharmapuri,founders,3,90
NanoMed Therapeutics Dharmapuri 4750,Dharmapuri,website,2,73
Ledger Finance Dharmapuri 4756,Dharmapuri,founded_year; founders,3,88
Work Scale Dharmapuri 4762,Dharmapuri,website,2,73
Matrix Systems Dharmapuri 4766,Dharmapuri,founders,3,90
Algo Analytics Kallakurichi 4771,Kallakurichi,website; founded_year; founders,2,68
Paddy Farm Kallakurichi 4781,Kallakurichi,founders,3,90
Daily Essentials Kallakurichi 4783,Kallakurichi,website,2,73
Propel Aerospace Kallakurichi 4786,Kallakurichi,founded_year,2,70
Sync Force Kallakurichi 4791,Kallakurichi,founders,3,90
Forge Castings Kallakurichi 4795,Kallakurichi,website,2,73
Sustain Recycle Kallakurichi 4801,Kallakurichi,founded_year; founders,3,88
Uzhava Fresh Kallakurichi 4807,Kallakurichi,website,2,73
Stack Force Mayiladuthurai 4811,Mayiladuthurai,website; founded_year; founders,2,68
Clean CleanTech Mayiladuthurai 4821,Mayiladuthurai,founders,3,90
Ferment Biosciences Mayiladuthurai 4823,Mayiladuthurai,website,2,73
Aero Aerospace Mayiladuthurai 4826,Mayiladuthurai,founded_year,2,70
Fin Fintech Mayiladuthurai 4831,Mayiladuthurai,founders,3,90
Ace Lab Mayiladuthurai 4835,Mayiladuthurai,website,2,73
Indu Castings Mayiladuthurai 4841,Mayiladuthurai,founded_year; founders,3,88
Green Solar Mayiladuthurai 4847,Mayiladuthurai,website,2,73
Lend Fintech Nagapattinam 4851,Nagapattinam,website; founded_year; founders,2,68
Indu Castings Nagapattinam 4861,Nagapattinam,founders,3,90
Intellect Sense Nagapattinam 4863,Nagapattinam,website,2,73
Drive Energy Nagapattinam 4866,Nagapattinam,founded_year,2,70
Clinix Clinics Nagapattinam 4871,Nagapattinam,founders,3,90
Royal Brews Nagapattinam 4875,Nagapattinam,website,2,73
Skill Verse Nagapattinam 4881,Nagapattinam,founded_year; founders,3,88
Apex Castings Nagapattinam 4887,Nagapattinam,website,2,73
Neuro Therapeutics Perambalur 4891,Perambalur,website; founded_year; founders,2,68
Skill Learning Perambalur 4901,Perambalur,founders,3,90
Scale Works Perambalur 4903,Perambalur,website,2,73
Uzhava Farm Perambalur 4906,Perambalur,founded_year,2,70
Robo Instruments Perambalur 4911,Perambalur,founders,3,90
Bio Biotech Perambalur 4915,Perambalur,website,2,73
Pure Living Perambalur 4921,Perambalur,founded_year; founders,3,88
Helix Life Sciences Pudukkottai 4926,Pudukkottai,website; founded_year; founders,2,68
Drive Mobility Pudukkottai 4936,Pudukkottai,founders,3,90
Kalvi Ed Pudukkottai 4938,Pudukkottai,website,2,73
Ortho Life Pudukkottai 4941,Pudukkottai,founded_year,2,70
Deep Brain Pudukkottai 4946,Pudukkottai,founders,3,90
Pure Renewables Pudukkottai 4950,Pudukkottai,website,2,73
Harvest Bio Pudukkottai 4956,Pudukkottai,founded_year; founders,3,88
Clean Enviro Ramanathapuram 4961,Ramanathapuram,website; founded_year; founders,2,68
Penny Fintech Ramanathapuram 4971,Ramanathapuram,founders,3,90
Watt Vehicles Ramanathapuram 4973,Ramanathapuram,website,2,73
Ferment Enzymes Ramanathapuram 4976,Ramanathapuram,founded_year,2,70
Indu Automation Ramanathapuram 4981,Ramanathapuram,founders,3,90
Photon Propulsion Ramanathapuram 4985,Ramanathapuram,website,2,73
Heal Sensors Ramanathapuram 4991,Ramanathapuram,founded_year; founders,3,88
Optic Photonics Ranipet 4996,Ranipet,website; founded_year; founders,2,68
Gram Foods Ranipet 5006,Ranipet,founders,3,90
Mint Capital Ranipet 5008,Ranipet,website,2,73
Sustain CleanTech Ranipet 5011,Ranipet,founded_year,2,70
Astra Launch Ranipet 5016,Ranipet,founders,3,90
Vision Robotics Ranipet 5020,Ranipet,website,2,73
Microbe Biosciences Ranipet 5026,Ranipet,founded_year; founders,3,88
Intellect Analytics Sivaganga 5031,Sivaganga,website; founded_year; founders,2,68
Uzhava Farm Sivaganga 5041,Sivaganga,founders,3,90
Daily Brands Sivaganga 5043,Sivaganga,website,2,73
Robo Dynamics Sivaganga 5046,Sivaganga,founded_year,2,70
Sync Works Sivaganga 5051,Sivaganga,founders,3,90
Forge Tech Sivaganga 5055,Sivaganga,website,2,73
Bio Renewables Sivaganga 5061,Sivaganga,founded_year; founders,3,88
Matrix Industries Tenkasi 5066,Tenkasi,website; founded_year; founders,2,68
Ortho Clinics Tenkasi 5076,Tenkasi,founders,3,90
Farm Agro Tenkasi 5078,Tenkasi,website,2,73
Deep Brain Tenkasi 5081,Tenkasi,founded_year,2,70
Bright Verse Tenkasi 5086,Tenkasi,founders,3,90
Stellar Propulsion Tenkasi 5090,Tenkasi,website,2,73
Aero Propulsion Tenkasi 5096,Tenkasi,founded_year; founders,3,88
Aero Satellites Theni 5101,Theni,website; founded_year; founders,2,68
Gene Biotech Theni 5111,Theni,founders,3,90
Care Therapeutics Theni 5113,Theni,website,2,73
Indu Manufacturing Theni 5116,Theni,founded_year,2,70
Volt Drives Theni 5121,Theni,founders,3,90
SaaSify Flow Theni 5125,Theni,website,2,73
Cognitive Analytics Theni 5131,Theni,founded_year; founders,3,88
Stack HQ Tirupathur 5136,Tirupathur,website; founded_year; founders,2,68
Pure Solar Tirupathur 5146,Tirupathur,founders,3,90
Enzyme Therapeutics Tirupathur 5148,Tirupathur,website,2,73
Astra Space Tirupathur 5151,Tirupathur,founded_year,2,70
Vault Finance Tirupathur 5156,Tirupathur,founders,3,90
Learn Ed Tirupathur 5160,Tirupathur,website,2,65
Matrix Engineering Tirupathur 5166,Tirupathur,founded_year; founders,3,88
Skill Class Tiruvannamalai 5171,Tiruvannamalai,website; founded_year; founders,2,68
Robo Aerospace Tiruvannamalai 5181,Tiruvannamalai,founders,3,90
Green Enviro Tiruvannamalai 5183,Tiruvannamalai,website,2,73
Desk Force Tiruvannamalai 5186,Tiruvannamalai,founded_year,2,70
Pure Brews Tiruvannamalai 5191,Tiruvannamalai,founders,3,90
Torque Vehicles Tiruvannamalai 5195,Tiruvannamalai,website,2,73
Aero Aerospace Tiruvannamalai 5201,Tiruvannamalai,founded_year; founders,3,88
Electro Power Tiruvarur 5206,Tiruvarur,website; founded_year; founders,2,68
Deep Brain Tiruvarur 5216,Tiruvarur,founders,3,90
Dynamic Photonics Tiruvarur 5218,Tiruvarur,website,2,73
Bright Tech Tiruvarur 5221,Tiruvarur,founded_year,2,70
Harvest Bio Tiruvarur 5226,Tiruvarur,founders,3,90
Ledger Lend Tiruvarur 5230,Tiruvarur,website,2,73
Omni Scale Tiruvarur 5236,Tiruvarur,founded_year; founders,3,88
Penny Fintech Viluppuram 5241,Viluppuram,website; founded_year; founders,2,68
Indu Automation Viluppuram 5251,Viluppuram,founders,3,90
Turing Sense Viluppuram 5253,Viluppuram,website,2,73
EcoRide Battery Viluppuram 5256,Viluppuram,founded_year,2,70
Heal Health Viluppuram 5261,Viluppuram,founders,3,90
Royal Brands Viluppuram 5265,Viluppuram,website,2,73
Skill Ed Viluppuram 5271,Viluppuram,founded_year; founders,3,88
Gram Organics Ariyalur 5276,Ariyalur,website; founded_year; founders,2,68
Astra Launch Ariyalur 5286,Ariyalur,founders,3,90
Robo Works Ariyalur 5288,Ariyalur,website,2,73
Vault Finance Ariyalur 5291,Ariyalur,founded_year,2,70
Bio Labs Ariyalur 5296,Ariyalur,founders,3,90
Terra Harvest Ariyalur 5300,Ariyalur,website,2,73