canonical_name,duplicate_name,match_type,similarity_score,sources_found
Heritage Living Chennai 19,Heritage Living Chennai 19 Private Limited,LEGAL_VS_BRAND,0.94,Startup India / DPIIT (Department for Promotion of Industry and Internal Trade); Secondary Business Portal Directory
Solar Power Chennai 37,Solar Power Chennai 37 Private Limited,LEGAL_VS_BRAND,0.94,Startup India / DPIIT (Department for Promotion of Industry and Internal Trade); Secondary Business Portal Directory
Zenith Cosmos Chennai 55,Zenith Cosmos Chennai 55 Private Limited,LEGAL_VS_BRAND,0.94,Startup India / DPIIT (Department for Promotion of Industry and Internal Trade); Secondary Business Portal Directory
Cred Wealth Chennai 73,Cred Wealth Chennai 73 Private Limited,LEGAL_VS_BRAND,0.94,Startup India / DPIIT (Department for Promotion of Industry and Internal Trade); Secondary Business Portal Directory
Bio Biosciences Chennai 91,Bio Biosciences Chennai 91 Private Limited,LEGAL_VS_BRAND,0.94,Startup India / DPIIT (Department for Promotion of Industry and Internal Trade); Secondary Business Portal Directory
Auto Automation Chennai 109,Auto Automation Chennai 109 Private Limited,LEGAL_VS_BRAND,0.94,Startup India / DPIIT (Department for Promotion of Industry and Internal Trade); Secondary Business Portal Directory
EcoRide EV Chennai 127,EcoRide EV Chennai 127 Private Limited,LEGAL_VS_BRAND,0.94,Startup India / DPIIT (Department for Promotion of Industry and Internal Trade); Secondary Business Portal Directory
Care Health Chennai 145,Care Health Chennai 145 Private Limited,LEGAL_VS_BRAND,0.94,Startup India / DPIIT (Department for Promotion of Industry and Internal Trade); Secondary Business Portal Directory
Cognitive Sense Chennai 163,Cognitive Sense Chennai 163 Private Limited,LEGAL_VS_BRAND,0.94,Startup India / DPIIT (Department for Promotion of Industry and Internal Trade); Secondary Business Portal Directory
Skill Academy Chennai 181,Skill Academy Chennai 181 Private Limited,LEGAL_VS_BRAND,0.94,Startup India / DPIIT (Department for Promotion of Industry and Internal Trade); Secondary Business Portal Directory
Kisan Innovations Chennai 199,Kisan Innovations Chennai 199 Private Limited,LEGAL_VS_BRAND,0.94,Startup India / DPIIT (Department for Promotion of Industry and Internal Trade); Secondary Business Portal Directory
Nano Photonics Chennai 217,Nano Photonics Chennai 217 Private Limited,LEGAL_VS_BRAND,0.94,Startup India / DPIIT (Department for Promotion of Industry and Internal Trade); Secondary Business Portal Directory
Stack Flow Chennai 235,Stack Flow Chennai 235 Private Limited,LEGAL_VS_BRAND,0.94,Startup India / DPIIT (Department for Promotion of Industry and Internal Trade); Secondary Business Portal Directory
Daily Living Chennai 253,Daily Living Chennai 253 Private Limited,LEGAL_VS_BRAND,0.94,Startup India / DPIIT (Department for Promotion of Industry and Internal Trade); Secondary Business Portal Directory
Bio Power Chennai 271,Bio Power Chennai 271 Private Limited,LEGAL_VS_BRAND,0.94,Startup India / DPIIT (Department for Promotion of Industry and Internal Trade); Secondary Business Portal Directory
Cosmo Cosmos Chennai 289,Cosmo Cosmos Chennai 289 Private Limited,LEGAL_VS_BRAND,0.94,Startup India / DPIIT (Department for Promotion of Industry and Internal Trade); Secondary Business Portal Directory
Cred Banking Chennai 307,Cred Banking Chennai 307 Private Limited,LEGAL_VS_BRAND,0.94,Startup India / DPIIT (Department for Promotion of Industry and Internal Trade); Secondary Business Portal Directory
Bio Therapeutics Chennai 325,Bio Therapeutics Chennai 325 Private Limited,LEGAL_VS_BRAND,0.94,Startup India / DPIIT (Department for Promotion of Industry and Internal Trade); Secondary Business Portal Directory
Prime Automation Chennai 343,Prime Automation Chennai 343 Private Limited,LEGAL_VS_BRAND,0.94,Startup India / DPIIT (Department for Promotion of Industry and Internal Trade); Secondary Business Portal Directory
Volt EV Chennai 361,Volt EV Chennai 361 Private Limited,LEGAL_VS_BRAND,0.94,Startup India / DPIIT (Department for Promotion of Industry and Internal Trade); Secondary Business Portal Directory
Care Health Chennai 379,Care Health Chennai 379 Private Limited,LEGAL_VS_BRAND,0.94,Startup India / DPIIT (Department for Promotion of Industry and Internal Trade); Secondary Business Portal Directory
Cognitive Insights Chennai 397,Cognitive Insights Chennai 397 Private Limited,LEGAL_VS_BRAND,0.94,Startup India / DPIIT (Department for Promotion of Industry and Internal Trade); Secondary Business Portal Directory
Ace Academy Chennai 415,Ace Academy Chennai 415 Private Limited,LEGAL_VS_BRAND,0.94,Startup India / DPIIT (Department for Promotion of Industry and Internal Trade); Secondary Business Portal Directory
Kisan Spices Chennai 433,Kisan Spices Chennai 433 Private Limited,LEGAL_VS_BRAND,0.94,Startup India / DPIIT (Department for Promotion of Industry and Internal Trade); Secondary Business Portal Directory
Nano Photonics Chennai 451,Nano Photonics Chennai 451 Private Limited,LEGAL_VS_BRAND,0.94,Startup India / DPIIT (Department for Promotion of Industry and Internal Trade); Secondary Business Portal Directory
Stack Flow Chennai 469,Stack Flow Chennai 469 Private Limited,LEGAL_VS_BRAND,0.94,Startup India / DPIIT (Department for Promotion of Industry and Internal Trade); Secondary Business Portal Directory
Urban Living Chennai 487,Urban Living Chennai 487 Private Limited,LEGAL_VS_BRAND,0.94,Startup India / DPIIT (Department for Promotion of Industry and Internal Trade); Secondary Business Portal Directory
Carbon Power Chennai 505,Carbon Power Chennai 505 Private Limited,LEGAL_VS_BRAND,0.94,Startup India / DPIIT (Department for Promotion of Industry and Internal Trade); Secondary Business Portal Directory
Horizon Cosmos Chennai 523,Horizon Cosmos Chennai 523 Private Limited,LEGAL_VS_BRAND,0.94,Startup India / DPIIT (Department for Promotion of Industry and Internal Trade); Secondary Business Portal Directory
Cred Fintech Chennai 541,Cred Fintech Chennai 541 Private Limited,LEGAL_VS_BRAND,0.94,Startup India / DPIIT (Department for Promotion of Industry and Internal Trade); Secondary Business Portal Directory
Bio Enzymes Chennai 559,Bio Enzymes Chennai 559 Private Limited,LEGAL_VS_BRAND,0.94,Startup India / DPIIT (Department for Promotion of Industry and Internal Trade); Secondary Business Portal Directory
Apex Automation Chennai 577,Apex Automation Chennai 577 Private Limited,LEGAL_VS_BRAND,0.94,Startup India / DPIIT (Department for Promotion of Industry and Internal Trade); Secondary Business Portal Directory
Charge EV Chennai 595,Charge EV Chennai 595 Private Limited,LEGAL_VS_BRAND,0.94,Startup India / DPIIT (Department for Promotion of Industry and Internal Trade); Secondary Business Portal Directory
Care Health Chennai 613,Care Health Chennai 613 Private Limited,LEGAL_VS_BRAND,0.94,Startup India / DPIIT (Department for Promotion of Industry and Internal Trade); Secondary Business Portal Directory
Cognitive Analytics Chennai 631,Cognitive Analytics Chennai 631 Private Limited,LEGAL_VS_BRAND,0.94,Startup India / DPIIT (Department for Promotion of Industry and Internal Trade); Secondary Business Portal Directory
Vidya Academy Chennai 649,Vidya Academy Chennai 649 Private Limited,LEGAL_VS_BRAND,0.94,Startup India / DPIIT (Department for Promotion of Industry and Internal Trade); Secondary Business Portal Directory
Kisan Fresh Chennai 667,Kisan Fresh Chennai 667 Private Limited,LEGAL_VS_BRAND,0.94,Startup India / DPIIT (Department for Promotion of Industry and Internal Trade); Secondary Business Portal Directory
Nano Photonics Chennai 685,Nano Photonics Chennai 685 Private Limited,LEGAL_VS_BRAND,0.94,Startup India / DPIIT (Department for Promotion of Industry and Internal Trade); Secondary Business Portal Directory
Stack Flow Chennai 703,Stack Flow Chennai 703 Private Limited,LEGAL_VS_BRAND,0.94,Startup India / DPIIT (Department for Promotion of Industry and Internal Trade); Secondary Business Portal Directory
Pure Living Chennai 721,Pure Living Chennai 721 Private Limited,LEGAL_VS_BRAND,0.94,Startup India / DPIIT (Department for Promotion of Industry and Internal Trade); Secondary Business Portal Directory
Green Power Chennai 739,Green Power Chennai 739 Private Limited,LEGAL_VS_BRAND,0.94,Startup India / DPIIT (Department for Promotion of Industry and Internal Trade); Secondary Business Portal Directory
Propel Cosmos Chennai 757,Propel Cosmos Chennai 757 Private Limited,LEGAL_VS_BRAND,0.94,Startup India / DPIIT (Department for Promotion of Industry and Internal Trade); Secondary Business Portal Directory
Cred Money Chennai 775,Cred Money Chennai 775 Private Limited,LEGAL_VS_BRAND,0.94,Startup India / DPIIT (Department for Promotion of Industry and Internal Trade); Secondary Business Portal Directory
Bio Genomics Chennai 793,Bio Genomics Chennai 793 Private Limited,LEGAL_VS_BRAND,0.94,Startup India / DPIIT (Department for Promotion of Industry and Internal Trade); Secondary Business Portal Directory
Indu Automation Chennai 811,Indu Automation Chennai 811 Private Limited,LEGAL_VS_BRAND,0.94,Startup India / DPIIT (Department for Promotion of Industry and Internal Trade); Secondary Business Portal Directory
Ampere EV Chennai 829,Ampere EV Chennai 829 Private Limited,LEGAL_VS_BRAND,0.94,Startup India / DPIIT (Department for Promotion of Industry and Internal Trade); Secondary Business Portal Directory
Care Health Chennai 847,Care Health Chennai 847 Private Limited,LEGAL_VS_BRAND,0.94,Startup India / DPIIT (Department for Promotion of Industry and Internal Trade); Secondary Business Portal Directory
Cognitive Intelligence Chennai 865,Cognitive Intelligence Chennai 865 Private Limited,LEGAL_VS_BRAND,0.94,Startup India / DPIIT (Department for Promotion of Industry and Internal Trade); Secondary Business Portal Directory
Dexter Academy Chennai 883,Dexter Academy Chennai 883 Private Limited,LEGAL_VS_BRAND,0.94,Startup India / DPIIT (Department for Promotion of Industry and Internal Trade); Secondary Business Portal Directory
Kisan Farm Chennai 901,Kisan Farm Chennai 901 Private Limited,LEGAL_VS_BRAND,0.94,Startup India / DPIIT (Department for Promotion of Industry and Internal Trade); Secondary Business Portal Directory
Nano Photonics Chennai 919,Nano Photonics Chennai 919 Private Limited,LEGAL_VS_BRAND,0.94,Startup India / DPIIT (Department for Promotion of Industry and Internal Trade); Secondary Business Portal Directory
Stack Flow Chennai 937,Stack Flow Chennai 937 Private Limited,LEGAL_VS_BRAND,0.94,Startup India / DPIIT (Department for Promotion of Industry and Internal Trade); Secondary Business Portal Directory
Royal Living Chennai 955,Royal Living Chennai 955 Private Limited,LEGAL_VS_BRAND,0.94,Startup India / DPIIT (Department for Promotion of Industry and Internal Trade); Secondary Business Portal Directory
Pure Power Chennai 973,Pure Power Chennai 973 Private Limited,LEGAL_VS_BRAND,0.94,Startup India / DPIIT (Department for Promotion of Industry and Internal Trade); Secondary Business Portal Directory
Aero Cosmos Chennai 991,Aero Cosmos Chennai 991 Private Limited,LEGAL_VS_BRAND,0.94,Startup India / DPIIT (Department for Promotion of Industry and Internal Trade); Secondary Business Portal Directory
Cred Wallet Chennai 1009,Cred Wallet Chennai 1009 Private Limited,LEGAL_VS_BRAND,0.94,Startup India / DPIIT (Department for Promotion of Industry and Internal Trade); Secondary Business Portal Directory
Bio Life Sciences Chennai 1027,Bio Life Sciences Chennai 1027 Private Limited,LEGAL_VS_BRAND,0.94,Startup India / DPIIT (Department for Promotion of Industry and Internal Trade); Secondary Business Portal Directory
Forge Automation Chennai 1045,Forge Automation Chennai 1045 Private Limited,LEGAL_VS_BRAND,0.94,Startup India / DPIIT (Department for Promotion of Industry and Internal Trade); Secondary Business Portal Directory
Electro EV Chennai 1063,Electro EV Chennai 1063 Private Limited,LEGAL_VS_BRAND,0.94,Startup India / DPIIT (Department for Promotion of Industry and Internal Trade); Secondary Business Portal Directory
Care Health Chennai 1081,Care Health Chennai 1081 Private Limited,LEGAL_VS_BRAND,0.94,Startup India / DPIIT (Department for Promotion of Industry and Internal Trade); Secondary Business Portal Directory
Cognitive Cognition Chennai 1099,Cognitive Cognition Chennai 1099 Private Limited,LEGAL_VS_BRAND,0.94,Startup India / DPIIT (Department for Promotion of Industry and Internal Trade); Secondary Business Portal Directory
Guru Academy Chennai 1117,Guru Academy Chennai 1117 Private Limited,LEGAL_VS_BRAND,0.94,Startup India / DPIIT (Department for Promotion of Industry and Internal Trade); Secondary Business Portal Directory
Kisan Crops Chennai 1135,Kisan Crops Chennai 1135 Private Limited,LEGAL_VS_BRAND,0.94,Startup India / DPIIT (Department for Promotion of Industry and Internal Trade); Secondary Business Portal Directory
Nano Photonics Chennai 1153,Nano Photonics Chennai 1153 Private Limited,LEGAL_VS_BRAND,0.94,Startup India / DPIIT (Department for Promotion of Industry and Internal Trade); Secondary Business Portal Directory
Stack Flow Chennai 1171,Stack Flow Chennai 1171 Private Limited,LEGAL_VS_BRAND,0.94,Startup India / DPIIT (Department for Promotion of Industry and Internal Trade); Secondary Business Portal Directory
Heritage Living Chennai 1189,Heritage Living Chennai 1189 Private Limited,LEGAL_VS_BRAND,0.94,Startup India / DPIIT (Department for Promotion of Industry and Internal Trade); Secondary Business Portal Directory
Sustain Power Chennai 1207,Sustain Power Chennai 1207 Private Limited,LEGAL_VS_BRAND,0.94,Startup India / DPIIT (Department for Promotion of Industry and Internal Trade); Secondary Business Portal Directory
Zenith Cosmos Chennai 1225,Zenith Cosmos Chennai 1225 Private Limited,LEGAL_VS_BRAND,0.94,Startup India / DPIIT (Department for Promotion of Industry and Internal Trade); Secondary Business Portal Directory
Cred Wealth Chennai 1243,Cred Wealth Chennai 1243 Private Limited,LEGAL_VS_BRAND,0.94,Startup India / DPIIT (Department for Promotion of Industry and Internal Trade); Secondary Business Portal Directory
Bio Biotech Chennai 1261,Bio Biotech Chennai 1261 Private Limited,LEGAL_VS_BRAND,0.94,Startup India / DPIIT (Department for Promotion of Industry and Internal Trade); Secondary Business Portal Directory
Auto Automation Chennai 1279,Auto Automation Chennai 1279 Private Limited,LEGAL_VS_BRAND,0.94,Startup India / DPIIT (Department for Promotion of Industry and Internal Trade); Secondary Business Portal Directory
Watt EV Chennai 1297,Watt EV Chennai 1297 Private Limited,LEGAL_VS_BRAND,0.94,Startup India / DPIIT (Department for Promotion of Industry and Internal Trade); Secondary Business Portal Directory
Care Health Chennai 1315,Care Health Chennai 1315 Private Limited,LEGAL_VS_BRAND,0.94,Startup India / DPIIT (Department for Promotion of Industry and Internal Trade); Secondary Business Portal Directory
Cognitive Sense Chennai 1333,Cognitive Sense Chennai 1333 Private Limited,LEGAL_VS_BRAND,0.94,Startup India / DPIIT (Department for Promotion of Industry and Internal Trade); Secondary Business Portal Directory
Auto Tech Coimbatore 1369,Auto Tech Coimbatore 1369 Private Limited,LEGAL_VS_BRAND,0.94,Vel Tech Technology Business Incubator; Secondary Business Portal Directory
EcoRide EV Coimbatore 1387,EcoRide EV Coimbatore 1387 Private Limited,LEGAL_VS_BRAND,0.94,Vel Tech Technology Business Incubator; Secondary Business Portal Directory
Neuro Health Coimbatore 1405,Neuro Health Coimbatore 1405 Private Limited,LEGAL_VS_BRAND,0.94,Vel Tech Technology Business Incubator; Secondary Business Portal Directory
Algo Sense Coimbatore 1423,Algo Sense Coimbatore 1423 Private Limited,LEGAL_VS_BRAND,0.94,Vel Tech Technology Business Incubator; Secondary Business Portal Directory
Skill Academy Coimbatore 1441,Skill Academy Coimbatore 1441 Private Limited,LEGAL_VS_BRAND,0.94,Vel Tech Technology Business Incubator; Secondary Business Portal Directory
Uzhava Innovations Coimbatore 1459,Uzhava Innovations Coimbatore 1459 Private Limited,LEGAL_VS_BRAND,0.94,Vel Tech Technology Business Incubator; Secondary Business Portal Directory
Propel Photonics Coimbatore 1477,Propel Photonics Coimbatore 1477 Private Limited,LEGAL_VS_BRAND,0.94,Vel Tech Technology Business Incubator; Secondary Business Portal Directory
Flow Works Coimbatore 1495,Flow Works Coimbatore 1495 Private Limited,LEGAL_VS_BRAND,0.94,Vel Tech Technology Business Incubator; Secondary Business Portal Directory
Daily Living Coimbatore 1513,Daily Living Coimbatore 1513 Private Limited,LEGAL_VS_BRAND,0.94,Vel Tech Technology Business Incubator; Secondary Business Portal Directory
Bio Power Coimbatore 1531,Bio Power Coimbatore 1531 Private Limited,LEGAL_VS_BRAND,0.94,Vel Tech Technology Business Incubator; Secondary Business Portal Directory
Cosmo Telemetry Coimbatore 1549,Cosmo Telemetry Coimbatore 1549 Private Limited,LEGAL_VS_BRAND,0.94,Vel Tech Technology Business Incubator; Secondary Business Portal Directory
Fin Banking Coimbatore 1567,Fin Banking Coimbatore 1567 Private Limited,LEGAL_VS_BRAND,0.94,Vel Tech Technology Business Incubator; Secondary Business Portal Directory
Bio Therapeutics Coimbatore 1585,Bio Therapeutics Coimbatore 1585 Private Limited,LEGAL_VS_BRAND,0.94,Vel Tech Technology Business Incubator; Secondary Business Portal Directory
Prime Tech Coimbatore 1603,Prime Tech Coimbatore 1603 Private Limited,LEGAL_VS_BRAND,0.94,Vel Tech Technology Business Incubator; Secondary Business Portal Directory
Volt EV Coimbatore 1621,Volt EV Coimbatore 1621 Private Limited,LEGAL_VS_BRAND,0.94,Vel Tech Technology Business Incubator; Secondary Business Portal Directory
Neuro Health Coimbatore 1639,Neuro Health Coimbatore 1639 Private Limited,LEGAL_VS_BRAND,0.94,Vel Tech Technology Business Incubator; Secondary Business Portal Directory
Algo Insights Coimbatore 1657,Algo Insights Coimbatore 1657 Private Limited,LEGAL_VS_BRAND,0.94,Vel Tech Technology Business Incubator; Secondary Business Portal Directory
Ace Academy Coimbatore 1675,Ace Academy Coimbatore 1675 Private Limited,LEGAL_VS_BRAND,0.94,Vel Tech Technology Business Incubator; Secondary Business Portal Directory
Uzhava Spices Coimbatore 1693,Uzhava Spices Coimbatore 1693 Private Limited,LEGAL_VS_BRAND,0.94,Vel Tech Technology Business Incubator; Secondary Business Portal Directory
Propel Photonics Coimbatore 1711,Propel Photonics Coimbatore 1711 Private Limited,LEGAL_VS_BRAND,0.94,Vel Tech Technology Business Incubator; Secondary Business Portal Directory
Flow Works Coimbatore 1729,Flow Works Coimbatore 1729 Private Limited,LEGAL_VS_BRAND,0.94,Vel Tech Technology Business Incubator; Secondary Business Portal Directory
Urban Living Coimbatore 1747,Urban Living Coimbatore 1747 Private Limited,LEGAL_VS_BRAND,0.94,Vel Tech Technology Business Incubator; Secondary Business Portal Directory
Carbon Power Coimbatore 1765,Carbon Power Coimbatore 1765 Private Limited,LEGAL_VS_BRAND,0.94,Vel Tech Technology Business Incubator; Secondary Business Portal Directory
Horizon Telemetry Coimbatore 1783,Horizon Telemetry Coimbatore 1783 Private Limited,LEGAL_VS_BRAND,0.94,Vel Tech Technology Business Incubator; Secondary Business Portal Directory
Fin Fintech Coimbatore 1801,Fin Fintech Coimbatore 1801 Private Limited,LEGAL_VS_BRAND,0.94,Vel Tech Technology Business Incubator; Secondary Business Portal Directory
Bio Enzymes Coimbatore 1819,Bio Enzymes Coimbatore 1819 Private Limited,LEGAL_VS_BRAND,0.94,Vel Tech Technology Business Incubator; Secondary Business Portal Directory
Apex Tech Coimbatore 1837,Apex Tech Coimbatore 1837 Private Limited,LEGAL_VS_BRAND,0.94,Vel Tech Technology Business Incubator; Secondary Business Portal Directory
Charge EV Coimbatore 1855,Charge EV Coimbatore 1855 Private Limited,LEGAL_VS_BRAND,0.94,Vel Tech Technology Business Incubator; Secondary Business Portal Directory
Neuro Health Coimbatore 1873,Neuro Health Coimbatore 1873 Private Limited,LEGAL_VS_BRAND,0.94,Vel Tech Technology Business Incubator; Secondary Business Portal Directory
Algo Analytics Coimbatore 1891,Algo Analytics Coimbatore 1891 Private Limited,LEGAL_VS_BRAND,0.94,Vel Tech Technology Business Incubator; Secondary Business Portal Directory
Vidya Academy Coimbatore 1909,Vidya Academy Coimbatore 1909 Private Limited,LEGAL_VS_BRAND,0.94,Vel Tech Technology Business Incubator; Secondary Business Portal Directory
Uzhava Fresh Coimbatore 1927,Uzhava Fresh Coimbatore 1927 Private Limited,LEGAL_VS_BRAND,0.94,Vel Tech Technology Business Incubator; Secondary Business Portal Directory
Propel Photonics Coimbatore 1945,Propel Photonics Coimbatore 1945 Private Limited,LEGAL_VS_BRAND,0.94,Vel Tech Technology Business Incubator; Secondary Business Portal Directory
Flow Works Coimbatore 1963,Flow Works Coimbatore 1963 Private Limited,LEGAL_VS_BRAND,0.94,Vel Tech Technology Business Incubator; Secondary Business Portal Directory
Cosmo Aerospace Chengalpattu 1989,Cosmo Aerospace Chengalpattu 1989 Private Limited,LEGAL_VS_BRAND,0.94,Thiagarajar College of Engineering TBI (TCE TBI); Secondary Business Portal Directory
Lend Banking Chengalpattu 2007,Lend Banking Chengalpattu 2007 Private Limited,LEGAL_VS_BRAND,0.94,Thiagarajar College of Engineering TBI (TCE TBI); Secondary Business Portal Directory
Enzyme Genomics Chengalpattu 2025,Enzyme Genomics Chengalpattu 2025 Private Limited,LEGAL_VS_BRAND,0.94,Thiagarajar College of Engineering TBI (TCE TBI); Secondary Business Portal Directory
Prime Castings Chengalpattu 2043,Prime Castings Chengalpattu 2043 Private Limited,LEGAL_VS_BRAND,0.94,Thiagarajar College of Engineering TBI (TCE TBI); Secondary Business Portal Directory
EcoRide Motors Chengalpattu 2061,EcoRide Motors Chengalpattu 2061 Private Limited,LEGAL_VS_BRAND,0.94,Thiagarajar College of Engineering TBI (TCE TBI); Secondary Business Portal Directory
Pulse Care Chengalpattu 2079,Pulse Care Chengalpattu 2079 Private Limited,LEGAL_VS_BRAND,0.94,Thiagarajar College of Engineering TBI (TCE TBI); Secondary Business Portal Directory
Intellect Insights Chengalpattu 2097,Intellect Insights Chengalpattu 2097 Private Limited,LEGAL_VS_BRAND,0.94,Thiagarajar College of Engineering TBI (TCE TBI); Secondary Business Portal Directory
Ace Ed Chengalpattu 2115,Ace Ed Chengalpattu 2115 Private Limited,LEGAL_VS_BRAND,0.94,Thiagarajar College of Engineering TBI (TCE TBI); Secondary Business Portal Directory
Soil Spices Chengalpattu 2133,Soil Spices Chengalpattu 2133 Private Limited,LEGAL_VS_BRAND,0.94,Thiagarajar College of Engineering TBI (TCE TBI); Secondary Business Portal Directory
Robo Robotics Chengalpattu 2151,Robo Robotics Chengalpattu 2151 Private Limited,LEGAL_VS_BRAND,0.94,Thiagarajar College of Engineering TBI (TCE TBI); Secondary Business Portal Directory
Logi Sphere Chengalpattu 2169,Logi Sphere Chengalpattu 2169 Private Limited,LEGAL_VS_BRAND,0.94,Thiagarajar College of Engineering TBI (TCE TBI); Secondary Business Portal Directory
Urban Foods Chengalpattu 2187,Urban Foods Chengalpattu 2187 Private Limited,LEGAL_VS_BRAND,0.94,Thiagarajar College of Engineering TBI (TCE TBI); Secondary Business Portal Directory
Bio Energy Chengalpattu 2205,Bio Energy Chengalpattu 2205 Private Limited,LEGAL_VS_BRAND,0.94,Thiagarajar College of Engineering TBI (TCE TBI); Secondary Business Portal Directory
Horizon Aerospace Chengalpattu 2223,Horizon Aerospace Chengalpattu 2223 Private Limited,LEGAL_VS_BRAND,0.94,Thiagarajar College of Engineering TBI (TCE TBI); Secondary Business Portal Directory
Lend Fintech Chengalpattu 2241,Lend Fintech Chengalpattu 2241 Private Limited,LEGAL_VS_BRAND,0.94,Thiagarajar College of Engineering TBI (TCE TBI); Secondary Business Portal Directory
Enzyme Life Sciences Chengalpattu 2259,Enzyme Life Sciences Chengalpattu 2259 Private Limited,LEGAL_VS_BRAND,0.94,Thiagarajar College of Engineering TBI (TCE TBI); Secondary Business Portal Directory
Apex Castings Chengalpattu 2277,Apex Castings Chengalpattu 2277 Private Limited,LEGAL_VS_BRAND,0.94,Thiagarajar College of Engineering TBI (TCE TBI); Secondary Business Portal Directory
Volt Motors Chengalpattu 2295,Volt Motors Chengalpattu 2295 Private Limited,LEGAL_VS_BRAND,0.94,Thiagarajar College of Engineering TBI (TCE TBI); Secondary Business Portal Directory
Pulse Care Chengalpattu 2313,Pulse Care Chengalpattu 2313 Private Limited,LEGAL_VS_BRAND,0.94,Thiagarajar College of Engineering TBI (TCE TBI); Secondary Business Portal Directory
Agile Sphere Kanchipuram 2349,Agile Sphere Kanchipuram 2349 Private Limited,LEGAL_VS_BRAND,0.94,Thiagarajar College of Engineering TBI (TCE TBI); Secondary Business Portal Directory
Urban Foods Kanchipuram 2367,Urban Foods Kanchipuram 2367 Private Limited,LEGAL_VS_BRAND,0.94,Thiagarajar College of Engineering TBI (TCE TBI); Secondary Business Portal Directory
Pure Energy Kanchipuram 2385,Pure Energy Kanchipuram 2385 Private Limited,LEGAL_VS_BRAND,0.94,Thiagarajar College of Engineering TBI (TCE TBI); Secondary Business Portal Directory
Horizon Aerospace Kanchipuram 2403,Horizon Aerospace Kanchipuram 2403 Private Limited,LEGAL_VS_BRAND,0.94,Thiagarajar College of Engineering TBI (TCE TBI); Secondary Business Portal Directory
Lend Fintech Kanchipuram 2421,Lend Fintech Kanchipuram 2421 Private Limited,LEGAL_VS_BRAND,0.94,Thiagarajar College of Engineering TBI (TCE TBI); Secondary Business Portal Directory
Enzyme Therapeutics Kanchipuram 2439,Enzyme Therapeutics Kanchipuram 2439 Private Limited,LEGAL_VS_BRAND,0.94,Thiagarajar College of Engineering TBI (TCE TBI); Secondary Business Portal Directory
Apex Castings Kanchipuram 2457,Apex Castings Kanchipuram 2457 Private Limited,LEGAL_VS_BRAND,0.94,Thiagarajar College of Engineering TBI (TCE TBI); Secondary Business Portal Directory
Electro Motors Kanchipuram 2475,Electro Motors Kanchipuram 2475 Private Limited,LEGAL_VS_BRAND,0.94,Thiagarajar College of Engineering TBI (TCE TBI); Secondary Business Portal Directory
Pulse Care Kanchipuram 2493,Pulse Care Kanchipuram 2493 Private Limited,LEGAL_VS_BRAND,0.94,Thiagarajar College of Engineering TBI (TCE TBI); Secondary Business Portal Directory
Intellect Analytics Kanchipuram 2511,Intellect Analytics Kanchipuram 2511 Private Limited,LEGAL_VS_BRAND,0.94,Thiagarajar College of Engineering TBI (TCE TBI); Secondary Business Portal Directory
Vidya Ed Kanchipuram 2529,Vidya Ed Kanchipuram 2529 Private Limited,LEGAL_VS_BRAND,0.94,Thiagarajar College of Engineering TBI (TCE TBI); Secondary Business Portal Directory
Soil Fresh Kanchipuram 2547,Soil Fresh Kanchipuram 2547 Private Limited,LEGAL_VS_BRAND,0.94,Thiagarajar College of Engineering TBI (TCE TBI); Secondary Business Portal Directory
Robo Robotics Kanchipuram 2565,Robo Robotics Kanchipuram 2565 Private Limited,LEGAL_VS_BRAND,0.94,Thiagarajar College of Engineering TBI (TCE TBI); Secondary Business Portal Directory
Agile Sphere Kanchipuram 2583,Agile Sphere Kanchipuram 2583 Private Limited,LEGAL_VS_BRAND,0.94,Thiagarajar College of Engineering TBI (TCE TBI); Secondary Business Portal Directory
Pure Foods Kanchipuram 2601,Pure Foods Kanchipuram 2601 Private Limited,LEGAL_VS_BRAND,0.94,Thiagarajar College of Engineering TBI (TCE TBI); Secondary Business Portal Directory
Sustain Energy Kanchipuram 2619,Sustain Energy Kanchipuram 2619 Private Limited,LEGAL_VS_BRAND,0.94,Thiagarajar College of Engineering TBI (TCE TBI); Secondary Business Portal Directory
Propel Aerospace Kanchipuram 2637,Propel Aerospace Kanchipuram 2637 Private Limited,LEGAL_VS_BRAND,0.94,Thiagarajar College of Engineering TBI (TCE TBI); Secondary Business Portal Directory
Microbe Enzymes Tiruvallur 2659,Microbe Enzymes Tiruvallur 2659 Private Limited,LEGAL_VS_BRAND,0.94,Technology Business Incubator @ Kongu Engineering College (TBI@KEC); Secondary Business Portal Directory
Apex Automation Tiruvallur 2677,Apex Automation Tiruvallur 2677 Private Limited,LEGAL_VS_BRAND,0.94,Technology Business Incubator @ Kongu Engineering College (TBI@KEC); Secondary Business Portal Directory
Power Power Tiruvallur 2695,Power Power Tiruvallur 2695 Private Limited,LEGAL_VS_BRAND,0.94,Technology Business Incubator @ Kongu Engineering College (TBI@KEC); Secondary Business Portal Directory
Care Therapeutics Tiruvallur 2713,Care Therapeutics Tiruvallur 2713 Private Limited,LEGAL_VS_BRAND,0.94,Technology Business Incubator @ Kongu Engineering College (TBI@KEC); Secondary Business Portal Directory
Cognitive Analytics Tiruvallur 2731,Cognitive Analytics Tiruvallur 2731 Private Limited,LEGAL_VS_BRAND,0.94,Technology Business Incubator @ Kongu Engineering College (TBI@KEC); Secondary Business Portal Directory
Vidya Tutor Tiruvallur 2749,Vidya Tutor Tiruvallur 2749 Private Limited,LEGAL_VS_BRAND,0.94,Technology Business Incubator @ Kongu Engineering College (TBI@KEC); Secondary Business Portal Directory
Kisan Fresh Tiruvallur 2767,Kisan Fresh Tiruvallur 2767 Private Limited,LEGAL_VS_BRAND,0.94,Technology Business Incubator @ Kongu Engineering College (TBI@KEC); Secondary Business Portal Directory
Nano Aerospace Tiruvallur 2785,Nano Aerospace Tiruvallur 2785 Private Limited,LEGAL_VS_BRAND,0.94,Technology Business Incubator @ Kongu Engineering College (TBI@KEC); Secondary Business Portal Directory
Cloud Flow Tiruvallur 2803,Cloud Flow Tiruvallur 2803 Private Limited,LEGAL_VS_BRAND,0.94,Technology Business Incubator @ Kongu Engineering College (TBI@KEC); Secondary Business Portal Directory
Pure Snacks Tiruvallur 2821,Pure Snacks Tiruvallur 2821 Private Limited,LEGAL_VS_BRAND,0.94,Technology Business Incubator @ Kongu Engineering College (TBI@KEC); Secondary Business Portal Directory
Eco CleanTech Tiruvallur 2839,Eco CleanTech Tiruvallur 2839 Private Limited,LEGAL_VS_BRAND,0.94,Technology Business Incubator @ Kongu Engineering College (TBI@KEC); Secondary Business Portal Directory
Propel Cosmos Tiruvallur 2857,Propel Cosmos Tiruvallur 2857 Private Limited,LEGAL_VS_BRAND,0.94,Technology Business Incubator @ Kongu Engineering College (TBI@KEC); Secondary Business Portal Directory
Cred Money Tiruvallur 2875,Cred Money Tiruvallur 2875 Private Limited,LEGAL_VS_BRAND,0.94,Technology Business Incubator @ Kongu Engineering College (TBI@KEC); Secondary Business Portal Directory
Microbe Genomics Tiruvallur 2893,Microbe Genomics Tiruvallur 2893 Private Limited,LEGAL_VS_BRAND,0.94,Technology Business Incubator @ Kongu Engineering College (TBI@KEC); Secondary Business Portal Directory
Auto Tech Madurai 2929,Auto Tech Madurai 2929 Private Limited,LEGAL_VS_BRAND,0.94,TiE Chennai (The Indus Entrepreneurs); Secondary Business Portal Directory
Power Power Madurai 2947,Power Power Madurai 2947 Private Limited,LEGAL_VS_BRAND,0.94,TiE Chennai (The Indus Entrepreneurs); Secondary Business Portal Directory
Neuro Therapeutics Madurai 2965,Neuro Therapeutics Madurai 2965 Private Limited,LEGAL_VS_BRAND,0.94,TiE Chennai (The Indus Entrepreneurs); Secondary Business Portal Directory
Algo Sense Madurai 2983,Algo Sense Madurai 2983 Private Limited,LEGAL_VS_BRAND,0.94,TiE Chennai (The Indus Entrepreneurs); Secondary Business Portal Directory
Skill Tutor Madurai 3001,Skill Tutor Madurai 3001 Private Limited,LEGAL_VS_BRAND,0.94,TiE Chennai (The Indus Entrepreneurs); Secondary Business Portal Directory
Uzhava Innovations Madurai 3019,Uzhava Innovations Madurai 3019 Private Limited,LEGAL_VS_BRAND,0.94,TiE Chennai (The Indus Entrepreneurs); Secondary Business Portal Directory
Propel Aerospace Madurai 3037,Propel Aerospace Madurai 3037 Private Limited,LEGAL_VS_BRAND,0.94,TiE Chennai (The Indus Entrepreneurs); Secondary Business Portal Directory
Flow Works Madurai 3055,Flow Works Madurai 3055 Private Limited,LEGAL_VS_BRAND,0.94,TiE Chennai (The Indus Entrepreneurs); Secondary Business Portal Directory
Daily Snacks Madurai 3073,Daily Snacks Madurai 3073 Private Limited,LEGAL_VS_BRAND,0.94,TiE Chennai (The Indus Entrepreneurs); Secondary Business Portal Directory
Eco CleanTech Madurai 3091,Eco CleanTech Madurai 3091 Private Limited,LEGAL_VS_BRAND,0.94,TiE Chennai (The Indus Entrepreneurs); Secondary Business Portal Directory
Cosmo Telemetry Madurai 3109,Cosmo Telemetry Madurai 3109 Private Limited,LEGAL_VS_BRAND,0.94,TiE Chennai (The Indus Entrepreneurs); Secondary Business Portal Directory
Heritage Essentials Tiruchirappalli 3139,Heritage Essentials Tiruchirappalli 3139 Private Limited,LEGAL_VS_BRAND,0.94,Tamil Nadu Dr. J. Jayalalithaa Fisheries University Incubation (TNJFU-ABI); Secondary Business Portal Directory
Terra Recycle Tiruchirappalli 3157,Terra Recycle Tiruchirappalli 3157 Private Limited,LEGAL_VS_BRAND,0.94,Tamil Nadu Dr. J. Jayalalithaa Fisheries University Incubation (TNJFU-ABI); Secondary Business Portal Directory
Zenith Cosmos Tiruchirappalli 3175,Zenith Cosmos Tiruchirappalli 3175 Private Limited,LEGAL_VS_BRAND,0.94,Tamil Nadu Dr. J. Jayalalithaa Fisheries University Incubation (TNJFU-ABI); Secondary Business Portal Directory
Cred Wealth Tiruchirappalli 3193,Cred Wealth Tiruchirappalli 3193 Private Limited,LEGAL_VS_BRAND,0.94,Tamil Nadu Dr. J. Jayalalithaa Fisheries University Incubation (TNJFU-ABI); Secondary Business Portal Directory
SynBio Life Sciences Tiruchirappalli 3211,SynBio Life Sciences Tiruchirappalli 3211 Private Limited,LEGAL_VS_BRAND,0.94,Tamil Nadu Dr. J. Jayalalithaa Fisheries University Incubation (TNJFU-ABI); Secondary Business Portal Directory
Auto Automation Tiruchirappalli 3229,Auto Automation Tiruchirappalli 3229 Private Limited,LEGAL_VS_BRAND,0.94,Tamil Nadu Dr. J. Jayalalithaa Fisheries University Incubation (TNJFU-ABI); Secondary Business Portal Directory
Spark Charging Tiruchirappalli 3247,Spark Charging Tiruchirappalli 3247 Private Limited,LEGAL_VS_BRAND,0.94,Tamil Nadu Dr. J. Jayalalithaa Fisheries University Incubation (TNJFU-ABI); Secondary Business Portal Directory
Care Clinics Tiruchirappalli 3265,Care Clinics Tiruchirappalli 3265 Private Limited,LEGAL_VS_BRAND,0.94,Tamil Nadu Dr. J. Jayalalithaa Fisheries University Incubation (TNJFU-ABI); Secondary Business Portal Directory
Cognitive Sense Tiruchirappalli 3283,Cognitive Sense Tiruchirappalli 3283 Private Limited,LEGAL_VS_BRAND,0.94,Tamil Nadu Dr. J. Jayalalithaa Fisheries University Incubation (TNJFU-ABI); Secondary Business Portal Directory
Skill Tech Tiruchirappalli 3301,Skill Tech Tiruchirappalli 3301 Private Limited,LEGAL_VS_BRAND,0.94,Tamil Nadu Dr. J. Jayalalithaa Fisheries University Incubation (TNJFU-ABI); Secondary Business Portal Directory
Spark Vehicles Salem 3329,Spark Vehicles Salem 3329 Private Limited,LEGAL_VS_BRAND,0.94,The Hindu Business Line Startup Coverage; Secondary Business Portal Directory
Clinix Sensors Salem 3347,Clinix Sensors Salem 3347 Private Limited,LEGAL_VS_BRAND,0.94,The Hindu Business Line Startup Coverage; Secondary Business Portal Directory
NexusAI Intelligence Salem 3365,NexusAI Intelligence Salem 3365 Private Limited,LEGAL_VS_BRAND,0.94,The Hindu Business Line Startup Coverage; Secondary Business Portal Directory
Dexter Lab Salem 3383,Dexter Lab Salem 3383 Private Limited,LEGAL_VS_BRAND,0.94,The Hindu Business Line Startup Coverage; Secondary Business Portal Directory
Paddy Farm Salem 3401,Paddy Farm Salem 3401 Private Limited,LEGAL_VS_BRAND,0.94,The Hindu Business Line Startup Coverage; Secondary Business Portal Directory
Micro Systems Salem 3419,Micro Systems Salem 3419 Private Limited,LEGAL_VS_BRAND,0.94,The Hindu Business Line Startup Coverage; Secondary Business Portal Directory
Hyper Force Salem 3437,Hyper Force Salem 3437 Private Limited,LEGAL_VS_BRAND,0.94,The Hindu Business Line Startup Coverage; Secondary Business Portal Directory
Royal Goods Salem 3455,Royal Goods Salem 3455 Private Limited,LEGAL_VS_BRAND,0.94,The Hindu Business Line Startup Coverage; Secondary Business Portal Directory
Renew Sustainability Salem 3473,Renew Sustainability Salem 3473 Private Limited,LEGAL_VS_BRAND,0.94,The Hindu Business Line Startup Coverage; Secondary Business Portal Directory
Kisan Innovations Erode 3499,Kisan Innovations Erode 3499 Private Limited,LEGAL_VS_BRAND,0.94,Tamil Nadu Dr. J. Jayalalithaa Fisheries University Incubation (TNJFU-ABI); Secondary Business Portal Directory
Nano Technologies Erode 3517,Nano Technologies Erode 3517 Private Limited,LEGAL_VS_BRAND,0.94,Tamil Nadu Dr. J. Jayalalithaa Fisheries University Incubation (TNJFU-ABI); Secondary Business Portal Directory
Desk Flow Erode 3535,Desk Flow Erode 3535 Private Limited,LEGAL_VS_BRAND,0.94,Tamil Nadu Dr. J. Jayalalithaa Fisheries University Incubation (TNJFU-ABI); Secondary Business Portal Directory
Daily Essentials Erode 3553,Daily Essentials Erode 3553 Private Limited,LEGAL_VS_BRAND,0.94,Tamil Nadu Dr. J. Jayalalithaa Fisheries University Incubation (TNJFU-ABI); Secondary Business Portal Directory
Solar Recycle Erode 3571,Solar Recycle Erode 3571 Private Limited,LEGAL_VS_BRAND,0.94,Tamil Nadu Dr. J. Jayalalithaa Fisheries University Incubation (TNJFU-ABI); Secondary Business Portal Directory
Cosmo Cosmos Erode 3589,Cosmo Cosmos Erode 3589 Private Limited,LEGAL_VS_BRAND,0.94,Tamil Nadu Dr. J. Jayalalithaa Fisheries University Incubation (TNJFU-ABI); Secondary Business Portal Directory
Cred Banking Erode 3607,Cred Banking Erode 3607 Private Limited,LEGAL_VS_BRAND,0.94,Tamil Nadu Dr. J. Jayalalithaa Fisheries University Incubation (TNJFU-ABI); Secondary Business Portal Directory
SynBio Enzymes Erode 3625,SynBio Enzymes Erode 3625 Private Limited,LEGAL_VS_BRAND,0.94,Tamil Nadu Dr. J. Jayalalithaa Fisheries University Incubation (TNJFU-ABI); Secondary Business Portal Directory
Agile Works KrishnagiriHosur 3649,Agile Works KrishnagiriHosur 3649 Private Limited,LEGAL_VS_BRAND,0.94,TiE Chennai (The Indus Entrepreneurs); Secondary Business Portal Directory
Urban Snacks KrishnagiriHosur 3667,Urban Snacks KrishnagiriHosur 3667 Private Limited,LEGAL_VS_BRAND,0.94,TiE Chennai (The Indus Entrepreneurs); Secondary Business Portal Directory
Aqua CleanTech KrishnagiriHosur 3685,Aqua CleanTech KrishnagiriHosur 3685 Private Limited,LEGAL_VS_BRAND,0.94,TiE Chennai (The Indus Entrepreneurs); Secondary Business Portal Directory
Horizon Telemetry KrishnagiriHosur 3703,Horizon Telemetry KrishnagiriHosur 3703 Private Limited,LEGAL_VS_BRAND,0.94,TiE Chennai (The Indus Entrepreneurs); Secondary Business Portal Directory
Fin Fintech KrishnagiriHosur 3721,Fin Fintech KrishnagiriHosur 3721 Private Limited,LEGAL_VS_BRAND,0.94,TiE Chennai (The Indus Entrepreneurs); Secondary Business Portal Directory
Microbe Biotech KrishnagiriHosur 3739,Microbe Biotech KrishnagiriHosur 3739 Private Limited,LEGAL_VS_BRAND,0.94,TiE Chennai (The Indus Entrepreneurs); Secondary Business Portal Directory
Apex Tech KrishnagiriHosur 3757,Apex Tech KrishnagiriHosur 3757 Private Limited,LEGAL_VS_BRAND,0.94,TiE Chennai (The Indus Entrepreneurs); Secondary Business Portal Directory
Heritage Foods Tiruppur 3789,Heritage Foods Tiruppur 3789 Private Limited,LEGAL_VS_BRAND,0.94,Thiagarajar College of Engineering TBI (TCE TBI); Secondary Business Portal Directory
Renew Energy Tiruppur 3807,Renew Energy Tiruppur 3807 Private Limited,LEGAL_VS_BRAND,0.94,Thiagarajar College of Engineering TBI (TCE TBI); Secondary Business Portal Directory
Zenith Aerospace Tiruppur 3825,Zenith Aerospace Tiruppur 3825 Private Limited,LEGAL_VS_BRAND,0.94,Thiagarajar College of Engineering TBI (TCE TBI); Secondary Business Portal Directory
Lend Wealth Tiruppur 3843,Lend Wealth Tiruppur 3843 Private Limited,LEGAL_VS_BRAND,0.94,Thiagarajar College of Engineering TBI (TCE TBI); Secondary Business Portal Directory
Enzyme Labs Tiruppur 3861,Enzyme Labs Tiruppur 3861 Private Limited,LEGAL_VS_BRAND,0.94,Thiagarajar College of Engineering TBI (TCE TBI); Secondary Business Portal Directory
Auto Castings Tiruppur 3879,Auto Castings Tiruppur 3879 Private Limited,LEGAL_VS_BRAND,0.94,Thiagarajar College of Engineering TBI (TCE TBI); Secondary Business Portal Directory
Kinetic Motors Tiruppur 3897,Kinetic Motors Tiruppur 3897 Private Limited,LEGAL_VS_BRAND,0.94,Thiagarajar College of Engineering TBI (TCE TBI); Secondary Business Portal Directory
Heritage Snacks Vellore 3919,Heritage Snacks Vellore 3919 Private Limited,LEGAL_VS_BRAND,0.94,Technology Business Incubator @ Kongu Engineering College (TBI@KEC); Secondary Business Portal Directory
Aqua CleanTech Vellore 3937,Aqua CleanTech Vellore 3937 Private Limited,LEGAL_VS_BRAND,0.94,Technology Business Incubator @ Kongu Engineering College (TBI@KEC); Secondary Business Portal Directory
Zenith Satellites Vellore 3955,Zenith Satellites Vellore 3955 Private Limited,LEGAL_VS_BRAND,0.94,Technology Business Incubator @ Kongu Engineering College (TBI@KEC); Secondary Business Portal Directory
Cred Wealth Vellore 3973,Cred Wealth Vellore 3973 Private Limited,LEGAL_VS_BRAND,0.94,Technology Business Incubator @ Kongu Engineering College (TBI@KEC); Secondary Business Portal Directory
Microbe Biotech Vellore 3991,Microbe Biotech Vellore 3991 Private Limited,LEGAL_VS_BRAND,0.94,Technology Business Incubator @ Kongu Engineering College (TBI@KEC); Secondary Business Portal Directory
Auto Manufacturing Vellore 4009,Auto Manufacturing Vellore 4009 Private Limited,LEGAL_VS_BRAND,0.94,Technology Business Incubator @ Kongu Engineering College (TBI@KEC); Secondary Business Portal Directory
Agile Flow Thanjavur 4039,Agile Flow Thanjavur 4039 Private Limited,LEGAL_VS_BRAND,0.94,Tamil Nadu Dr. J. Jayalalithaa Fisheries University Incubation (TNJFU-ABI); Secondary Business Portal Directory
Urban Essentials Thanjavur 4057,Urban Essentials Thanjavur 4057 Private Limited,LEGAL_VS_BRAND,0.94,Tamil Nadu Dr. J. Jayalalithaa Fisheries University Incubation (TNJFU-ABI); Secondary Business Portal Directory
Solar Recycle Thanjavur 4075,Solar Recycle Thanjavur 4075 Private Limited,LEGAL_VS_BRAND,0.94,Tamil Nadu Dr. J. Jayalalithaa Fisheries University Incubation (TNJFU-ABI); Secondary Business Portal Directory
Horizon Satellites Thanjavur 4093,Horizon Satellites Thanjavur 4093 Private Limited,LEGAL_VS_BRAND,0.94,Tamil Nadu Dr. J. Jayalalithaa Fisheries University Incubation (TNJFU-ABI); Secondary Business Portal Directory
Cred Fintech Thanjavur 4111,Cred Fintech Thanjavur 4111 Private Limited,LEGAL_VS_BRAND,0.94,Tamil Nadu Dr. J. Jayalalithaa Fisheries University Incubation (TNJFU-ABI); Secondary Business Portal Directory
Ledger Pay Tirunelveli 4144,Ledger Pay Tirunelveli 4144 Private Limited,LEGAL_VS_BRAND,0.94,Kalasalingam University TBI (KARE-TBI); Secondary Business Portal Directory
Microbe Labs Tirunelveli 4162,Microbe Labs Tirunelveli 4162 Private Limited,LEGAL_VS_BRAND,0.94,Kalasalingam University TBI (KARE-TBI); Secondary Business Portal Directory
Precision Systems Tirunelveli 4180,Precision Systems Tirunelveli 4180 Private Limited,LEGAL_VS_BRAND,0.94,Kalasalingam University TBI (KARE-TBI); Secondary Business Portal Directory
Electro Power Tirunelveli 4198,Electro Power Tirunelveli 4198 Private Limited,LEGAL_VS_BRAND,0.94,Kalasalingam University TBI (KARE-TBI); Secondary Business Portal Directory
NanoMed Therapeutics Tirunelveli 4216,NanoMed Therapeutics Tirunelveli 4216 Private Limited,LEGAL_VS_BRAND,0.94,Kalasalingam University TBI (KARE-TBI); Secondary Business Portal Directory
Electro Motors Thoothukudi 4239,Electro Motors Thoothukudi 4239 Private Limited,LEGAL_VS_BRAND,0.94,VIT Technology Business Incubator (VITTBI); Secondary Business Portal Directory
Cardio Care Thoothukudi 4257,Cardio Care Thoothukudi 4257 Private Limited,LEGAL_VS_BRAND,0.94,VIT Technology Business Incubator (VITTBI); Secondary Business Portal Directory
Turing Intelligence Thoothukudi 4275,Turing Intelligence Thoothukudi 4275 Private Limited,LEGAL_VS_BRAND,0.94,VIT Technology Business Incubator (VITTBI); Secondary Business Portal Directory
Dexter Ed Thoothukudi 4293,Dexter Ed Thoothukudi 4293 Private Limited,LEGAL_VS_BRAND,0.94,VIT Technology Business Incubator (VITTBI); Secondary Business Portal Directory
Med MedTech Kanyakumari 4314,Med MedTech Kanyakumari 4314 Private Limited,LEGAL_VS_BRAND,0.94,Sona Incubation Foundation (Sona TBI); Secondary Business Portal Directory
Neural Labs Kanyakumari 4332,Neural Labs Kanyakumari 4332 Private Limited,LEGAL_VS_BRAND,0.94,Sona Incubation Foundation (Sona TBI); Secondary Business Portal Directory
Learn Learning Kanyakumari 4350,Learn Learning Kanyakumari 4350 Private Limited,LEGAL_VS_BRAND,0.94,Sona Incubation Foundation (Sona TBI); Secondary Business Portal Directory
Agro Agro Kanyakumari 4368,Agro Agro Kanyakumari 4368 Private Limited,LEGAL_VS_BRAND,0.94,Sona Incubation Foundation (Sona TBI); Secondary Business Portal Directory
Intellect Cognition Dindigul 4389,Intellect Cognition Dindigul 4389 Private Limited,LEGAL_VS_BRAND,0.94,Periyar Technology Business Incubator; Secondary Business Portal Directory
Guru Verse Dindigul 4407,Guru Verse Dindigul 4407 Private Limited,LEGAL_VS_BRAND,0.94,Periyar Technology Business Incubator; Secondary Business Portal Directory
Soil Crops Dindigul 4425,Soil Crops Dindigul 4425 Private Limited,LEGAL_VS_BRAND,0.94,Periyar Technology Business Incubator; Secondary Business Portal Directory
Cosmo Cosmos Namakkal 4459,Cosmo Cosmos Namakkal 4459 Private Limited,LEGAL_VS_BRAND,0.94,Technology Business Incubator @ Kongu Engineering College (TBI@KEC); Secondary Business Portal Directory
Cred Banking Namakkal 4477,Cred Banking Namakkal 4477 Private Limited,LEGAL_VS_BRAND,0.94,Technology Business Incubator @ Kongu Engineering College (TBI@KEC); Secondary Business Portal Directory
Microbe Biotech Namakkal 4495,Microbe Biotech Namakkal 4495 Private Limited,LEGAL_VS_BRAND,0.94,Technology Business Incubator @ Kongu Engineering College (TBI@KEC); Secondary Business Portal Directory
Sat Propulsion Virudhunagar 4524,Sat Propulsion Virudhunagar 4524 Private Limited,LEGAL_VS_BRAND,0.94,Forge Innovation & Ventures (FORGE.FACTORY); Secondary Business Portal Directory
Dhan Credit Virudhunagar 4542,Dhan Credit Virudhunagar 4542 Private Limited,LEGAL_VS_BRAND,0.94,Forge Innovation & Ventures (FORGE.FACTORY); Secondary Business Portal Directory
Protein Therapeutics Virudhunagar 4560,Protein Therapeutics Virudhunagar 4560 Private Limited,LEGAL_VS_BRAND,0.94,Forge Innovation & Ventures (FORGE.FACTORY); Secondary Business Portal Directory
Cosmo Aerospace Karur 4589,Cosmo Aerospace Karur 4589 Private Limited,LEGAL_VS_BRAND,0.94,The Hindu Business Line Startup Coverage; Secondary Business Portal Directory
Settlement Banking Karur 4607,Settlement Banking Karur 4607 Private Limited,LEGAL_VS_BRAND,0.94,The Hindu Business Line Startup Coverage; Secondary Business Portal Directory
Ferment Life Sciences Karur 4625,Ferment Life Sciences Karur 4625 Private Limited,LEGAL_VS_BRAND,0.94,The Hindu Business Line Startup Coverage; Secondary Business Portal Directory
Eco Energy Nilgiris 4644,Eco Energy Nilgiris 4644 Private Limited,LEGAL_VS_BRAND,0.94,Anna University Centre for Biotechnology & AU-TBI; Secondary Business Portal Directory
Orbital Propulsion Nilgiris 4662,Orbital Propulsion Nilgiris 4662 Private Limited,LEGAL_VS_BRAND,0.94,Anna University Centre for Biotechnology & AU-TBI; Secondary Business Portal Directory
Kinetic Drives Cuddalore 4694,Kinetic Drives Cuddalore 4694 Private Limited,LEGAL_VS_BRAND,0.94,Inc42 Startup Intelligence; Secondary Business Portal Directory
Derma Biomed Cuddalore 4712,Derma Biomed Cuddalore 4712 Private Limited,LEGAL_VS_BRAND,0.94,Inc42 Startup Intelligence; Secondary Business Portal Directory
Dynamic Photonics Dharmapuri 4744,Dynamic Photonics Dharmapuri 4744 Private Limited,LEGAL_VS_BRAND,0.94,TREC-STEP (NIT Tiruchirappalli); Secondary Business Portal Directory
Work Scale Dharmapuri 4762,Work Scale Dharmapuri 4762 Private Limited,LEGAL_VS_BRAND,0.94,TREC-STEP (NIT Tiruchirappalli); Secondary Business Portal Directory
Vidya Academy Kallakurichi 4789,Vidya Academy Kallakurichi 4789 Private Limited,LEGAL_VS_BRAND,0.94,Vel Tech Technology Business Incubator; Secondary Business Portal Directory
Uzhava Fresh Kallakurichi 4807,Uzhava Fresh Kallakurichi 4807 Private Limited,LEGAL_VS_BRAND,0.94,Vel Tech Technology Business Incubator; Secondary Business Portal Directory
Heritage Naturals Mayiladuthurai 4829,Heritage Naturals Mayiladuthurai 4829 Private Limited,LEGAL_VS_BRAND,0.94,St. Xavier’s Catholic College Innovation Center; Secondary Business Portal Directory
Green Solar Mayiladuthurai 4847,Green Solar Mayiladuthurai 4847 Private Limited,LEGAL_VS_BRAND,0.94,St. Xavier’s Catholic College Innovation Center; Secondary Business Portal Directory
Enzyme Labs Nagapattinam 4869,Enzyme Labs Nagapattinam 4869 Private Limited,LEGAL_VS_BRAND,0.94,Thiagarajar College of Engineering TBI (TCE TBI); Secondary Business Portal Directory
Apex Castings Nagapattinam 4887,Apex Castings Nagapattinam 4887 Private Limited,LEGAL_VS_BRAND,0.94,Thiagarajar College of Engineering TBI (TCE TBI); Secondary Business Portal Directory
Algo Cognition Perambalur 4909,Algo Cognition Perambalur 4909 Private Limited,LEGAL_VS_BRAND,0.94,TiE Chennai (The Indus Entrepreneurs); Secondary Business Portal Directory
Macro Systems Pudukkottai 4944,Macro Systems Pudukkottai 4944 Private Limited,LEGAL_VS_BRAND,0.94,Speciale Invest; Secondary Business Portal Directory
Cosmo Cosmos Ramanathapuram 4979,Cosmo Cosmos Ramanathapuram 4979 Private Limited,LEGAL_VS_BRAND,0.94,Nativelead Foundation & Native Angels Network (NAN); Secondary Business Portal Directory
Agile Matrix Ranipet 5014,Agile Matrix Ranipet 5014 Private Limited,LEGAL_VS_BRAND,0.94,The Chennai Angels (TCA); Secondary Business Portal Directory
Vidya Ed Sivaganga 5049,Vidya Ed Sivaganga 5049 Private Limited,LEGAL_VS_BRAND,0.94,Thiagarajar College of Engineering TBI (TCE TBI); Secondary Business Portal Directory
Charge Vehicles Tenkasi 5084,Charge Vehicles Tenkasi 5084 Private Limited,LEGAL_VS_BRAND,0.94,TANUVAS Veterinary Incubation Cell; Secondary Business Portal Directory
Cred Wallet Theni 5119,Cred Wallet Theni 5119 Private Limited,LEGAL_VS_BRAND,0.94,Tamil Nadu Dr. J. Jayalalithaa Fisheries University Incubation (TNJFU-ABI); Secondary Business Portal Directory
Organic Brands Tirupathur 5154,Organic Brands Tirupathur 5154 Private Limited,LEGAL_VS_BRAND,0.94,CSIR - Central Electrochemical Research Institute (CECRI) Innovation Hub; Secondary Business Portal Directory
Paddy Innovations Tiruvannamalai 5189,Paddy Innovations Tiruvannamalai 5189 Private Limited,LEGAL_VS_BRAND,0.94,St. Xavier’s Catholic College Innovation Center; Secondary Business Portal Directory
NanoMed Therapeutics Tiruvarur 5224,NanoMed Therapeutics Tiruvarur 5224 Private Limited,LEGAL_VS_BRAND,0.94,Kalasalingam University TBI (KARE-TBI); Secondary Business Portal Directory
Helix Genomics Viluppuram 5259,Helix Genomics Viluppuram 5259 Private Limited,LEGAL_VS_BRAND,0.94,Sathyabama Technology Business Incubator; Secondary Business Portal Directory
Solar Enviro Ariyalur 5294,Solar Enviro Ariyalur 5294 Private Limited,LEGAL_VS_BRAND,0.94,SRM Innovation and Incubation Centre (SIIC); Secondary Business Portal Directory