startup_id,startup_name,legal_name,website,district,city,sector,sub_sector,founded_year,founders,funding_status,total_funding_usd,total_funding_inr,verification_level,confidence_score,coordinate_precision
"tns_000001","AgniKul Cosmos","Agnikul Cosmos Private Limited","https://agnikul.in","Chennai","Chennai","SpaceTech","Launch Vehicles & Propulsion","2017","Srinath Ravichandran; Moin SPM","Funded","$26.7M","₹220 Crore","4","98","VERIFIED_ADDRESS"
"tns_000002","Uniphore","Uniphore Software Systems Private Limited","https://www.uniphore.com","Chennai","Chennai","AI","Conversational AI & Speech Analytics","2008","Umesh Sachdev; Ravi Saraogi","Funded","$620M","","4","98","VERIFIED_ADDRESS"
"tns_000003","The ePlane Company","Ubifly Technologies Private Limited","https://eplane.ai","Chennai","Chennai","DeepTech","Urban Air Mobility & eVTOL","2019","Prof. Satya Chakravarthy; Pranjal Mehta","Funded","$19M","","4","98","VERIFIED_ADDRESS"
"tns_000004","Detect Technologies","Detect Technologies Private Limited","https://detecttechnologies.com","Chennai","Chennai","AI","Computer Vision & Industrial IoT","2016","Daniel Raj David; Harikrishnan AS","Funded","$32M","","4","98","VERIFIED_ADDRESS"
"tns_000005","Planys Technologies","Planys Technologies Private Limited","https://planystech.com","Chennai","Chennai","DeepTech","Underwater Robotics & Marine Tech","2015","Tanuj Jhunjhunwala; Vineet Upadhyay","Funded","$5.5M","","4","98","VERIFIED_ADDRESS"
"tns_000006","GalaxEye Space","GalaxEye Space Solutions Private Limited","https://galaxeye.space","Chennai","Chennai","SpaceTech","Earth Observation & Satellite Constellations","2021","Suyash Singh; Denil Chawda","Funded","$10M","","4","98","VERIFIED_ADDRESS"
"tns_000007","Mindgrove Technologies","Mindgrove Technologies Private Limited","https://mindgrovetech.in","Chennai","Chennai","DeepTech","Semiconductors & RISC-V Silicon","2021","Shashwath TR","Funded","$3.5M","","4","98","VERIFIED_ADDRESS"
"tns_000008","Solinas Integrity","Solinas Integrity Private Limited","https://solinas.in","Chennai","Chennai","DeepTech","Sanitation Robotics & Pipeline Inspection","2018","Divanshu Kumar; Bhavesh Narayani","Funded","$1.8M","","4","98","VERIFIED_ADDRESS"
"tns_000009","XYMA Analytics","XYMA Analytics Private Limited","https://xyma.in","Chennai","Chennai","DeepTech","Industrial Ultrasonic Wave Sensors","2019","Dr. Nishanth Raja","Funded","$2.0M","","4","98","VERIFIED_ADDRESS"
"tns_000010","Paperflite","Paperflite India Private Limited","https://www.paperflite.com","Chennai","Chennai","SaaS","Sales Enablement & Marketing SaaS","2016","Vinoth Kumar; Anant Yoganathan","Funded","$4.2M","","4","95","VERIFIED_ADDRESS"
"tns_000011","Chai Kings","Four Quarters Foods Private Limited","https://chaikings.com","Chennai","Chennai","Consumer","QSR & Food Retail","2016","Dinesh Singaravelu; Jahabar Sadique","Funded","$3.2M","","4","95","VERIFIED_ADDRESS"
"tns_000012","HitWicket","Hitwicket Superstars Private Limited","https://hitwicket.com","Chennai","Chennai","Consumer","Esports Gaming & Interactive AI","2015","Kashyap Reddy; Keerti Singh","Funded","$3.0M","","4","95","VERIFIED_ADDRESS"
"tns_000013","Simbioen Labs","Simbioen Labs & Scientific Services Private Limited","https://simbioenlabs.com","Chengalpattu","Vandalur","BioTech","Industrial Microbial Biotechnology","2019","Dr. Suresh Babu","Funded","","₹50 Lakhs","4","95","VERIFIED_ADDRESS"
"tns_000014","Uzhavarbumi","Uzhavarbumi Agro Products Private Limited","https://uzhavarbumi.com","Chengalpattu","Maduranthakam","Agritech","Direct-to-Consumer Fresh Dairy Supply Chain","2017","Vetrivel Palani; Paneerselvam","Funded","","₹7 Crore","4","95","VERIFIED_ADDRESS"
"tns_000015","Mango Point","Mango Point Ventures Private Limited","https://mangopoint.in","Tiruvallur","Gummidipoondi","Agritech","Chemical-Free Fruit Value Chain & Cold Chain","2019","Prasanna Venkataraman","Funded","","₹3.5 Crore","4","95","VERIFIED_ADDRESS"
"tns_000016","SP Robotics Works","SP Robotic Works Private Limited","https://sproboticworks.com","Kanchipuram","Sriperumbudur corridor","EdTech","Robotics & STEM Experiential Learning","2015","Pranavan S; Sneha Priya","Funded","$3.5M","","4","95","VERIFIED_ADDRESS"
"tns_000017","BNC Motors","Bharat New Energy Company Private Limited","https://bncmotors.in","Coimbatore","Saravanampatti","EV","Electric Two-Wheelers & Battery Systems","2020","Anirudh Ravi Narayanan","Funded","$12M","","4","95","VERIFIED_ADDRESS"
"tns_000018","BuyOFuel","BuyOFuel Marketplace Private Limited","https://buyofuel.com","Coimbatore","Peelamedu","ClimateTech","Biofuels & Biomass Marketplace","2020","Kishan Karunakaran; Prasad P","Funded","","₹14 Crore","4","95","VERIFIED_ADDRESS"
"tns_000019","4miZyme Biosciences","4miZyme Biosciences Private Limited","https://4mizyme.com","Coimbatore","Peelamedu","BioTech","Industrial Enzymes & Biocatalysts","2019","Dr. R. Anand","Funded","","₹1.8 Crore","4","95","VERIFIED_ADDRESS"
"tns_000020","Keeraikadai","Keeraikadai Ventures Private Limited","https://keeraikadai.com","Coimbatore","Coimbatore","Agritech","Natural Superfoods & Agritech Processing","2018","G. Sriram Prasad","Funded","","₹4 Crore","4","98","VERIFIED_ADDRESS"
"tns_000021","Ather Energy","Ather Energy Private Limited","https://www.atherenergy.com","Krishnagiri (Hosur)","Hosur","EV","Smart Electric Two-Wheelers & Fast Charging","2013","Tarun Mehta; Swapnil Jain","Funded","$450M","","4","98","VERIFIED_ADDRESS"
"tns_000022","insideFPV","insideFPV Ventures Private Limited","https://insidefpv.com","Vellore","Katpadi","DeepTech","FPV Drones & Autonomous Robotics","2020","Arth Chowdhary; Deyvant Bhardwaj","Funded","","₹3.5 Crore","4","98","VERIFIED_ADDRESS"
"tns_000023","NervePro","NervePro Medical Devices Private Limited","https://nervepro.in","Salem","Suramangalam","HealthTech","Intraoperative Surgical Devices & Nerve Monitors","2021","Dr. Karthik S","Funded","","₹60 Lakhs","4","95","VERIFIED_ADDRESS"
"tns_000024","Farmers Fresh Zone","Farmers Fresh Zone Private Limited","https://farmersfz.com","Madurai","Madurai","Agritech","Farm-to-Fork Traceability D2C","2018","Pradeep P S","Funded","$3.2M","","4","95","VERIFIED_ADDRESS"
"tns_000025","Kaigal.com","Kaigal Online Private Limited","https://kaigal.com","Madurai","Madurai","EdTech","Blue-Collar Workforce Recruitment Tech","2020","Muthukumar S","Funded","","₹50 Lakhs","4","95","VERIFIED_ADDRESS"
"tns_000026","Realtech Systems","Realtech Systems Erode Private Limited","https://realtech.in","Erode","Perundurai","Agritech","Smart Irrigation & Motor Automation IoT","2012","P. Ravichandran","Bootstrapped","","","4","95","VERIFIED_ADDRESS"